date;line;station;testID;result;var1;var1_low_nok;var1_upper_nok;var2;var2_low_nok;var2_upper_nok
2024-01-10 01:42:45.000;1;ST1;id1;0;2100;1750;2250;-2,48;-5;5
2024-01-10 03:12:04.000;1;ST1;id2;0;2102;1750;2250;-3,03;-5;5
2024-01-10 03:40:32.000;1;ST1;id3;0;2100;1750;2250;-3,45;-5;5
2024-01-10 02:09:36.000;1;ST1;id4;0;2096;1750;2250;-2,77;-5;5
2023-11-21 16:18:34.000;1;ST1;id5;0;2099;1750;2250;-2,88;-5;5
2023-11-22 07:12:57.000;1;ST1;id6;0;2112;1750;2250;-1,52;-5;5
2024-01-10 09:21:50.000;1;ST1;id7;0;2100;1750;2250;-2,66;-5;5
2023-11-22 08:36:04.000;1;ST1;id8;0;2100;1750;2250;-1,85;-5;5
2023-11-22 14:25:36.000;1;ST1;id9;0;2110;1750;2250;-1,94;-5;5
2023-11-22 08:33:55.000;1;ST1;id10;0;2114;1750;2250;-1,8;-5;5
2023-10-25 09:15:59.000;1;ST3;id11;0;2132;1750;2250;-3,88;-5;5
2024-01-10 11:24:57.000;1;ST1;id12;0;2099;1750;2250;-2,98;-5;5
2024-01-10 09:23:10.000;1;ST1;id13;0;2103;1750;2250;-2,73;-5;5
2024-01-10 03:06:56.000;1;ST1;id14;0;2116;1750;2250;-3,06;-5;5
2023-10-25 09:19:55.000;1;ST3;id15;0;2133;1750;2250;-3,97;-5;5
2024-01-10 10:18:36.000;1;ST1;id16;0;2109;1750;2250;-2,85;-5;5
2023-10-25 12:19:06.000;1;ST3;id17;0;2126;1750;2250;-3,08;-5;5
2024-01-10 10:46:07.000;1;ST1;id18;0;2102;1750;2250;-2,86;-5;5
2023-10-25 12:20:07.000;1;ST3;id19;0;2129;1750;2250;-3,07;-5;5
2023-11-22 07:19:36.000;1;ST1;id20;0;2106;1750;2250;-1,56;-5;5
2024-01-10 21:14:39.000;1;ST1;id21;0;2101;1750;2250;-3,09;-5;5
2024-01-10 06:46:47.000;1;ST1;id22;0;2104;1750;2250;-1,92;-5;5
2024-01-10 02:06:00.000;1;ST1;id23;0;2103;1750;2250;-2,62;-5;5
2024-01-10 08:45:52.000;1;ST1;id24;0;2101;1750;2250;-2,51;-5;5
2024-01-10 06:26:59.000;1;ST1;id25;0;2104;1750;2250;-1,66;-5;5
2024-01-10 02:07:19.000;1;ST1;id26;0;2115;1750;2250;-2,77;-5;5
2023-10-25 12:18:04.000;1;ST3;id27;0;2123;1750;2250;-3,08;-5;5
2024-01-10 03:48:55.000;1;ST1;id28;0;2099;1750;2250;-3,5;-5;5
2024-01-11 06:06:50.000;1;ST1;id29;0;2102;1750;2250;-1,42;-5;5
2024-01-10 02:17:24.000;1;ST1;id30;0;2115;1750;2250;-2,85;-5;5
2023-11-22 08:40:53.000;1;ST1;id31;0;2103;1750;2250;-1,82;-5;5
2023-11-22 19:37:12.000;1;ST1;id32;0;2103;1750;2250;-2,33;-5;5
2023-10-25 09:20:56.000;1;ST3;id33;0;2125;1750;2250;-4;-5;5
2023-11-22 08:43:26.000;1;ST1;id34;0;2110;1750;2250;-1,78;-5;5
2023-11-22 19:46:12.000;1;ST1;id35;0;2101;1750;2250;-2,38;-5;5
2023-10-25 09:24:19.000;1;ST3;id36;0;2125;1750;2250;-4;-5;5
2023-11-23 06:08:01.000;1;ST1;id37;0;2108;1750;2250;-2,66;-5;5
2023-11-22 08:45:45.000;1;ST1;id38;0;2102;1750;2250;-1,84;-5;5
2023-11-23 06:06:06.000;1;ST1;id39;0;2103;1750;2250;-2,64;-5;5
2023-10-25 12:50:23.000;1;ST1;id40;0;2121;1750;2250;-2,52;-5;5
2023-10-25 12:58:43.000;1;ST1;id41;0;2117;1750;2250;-2,69;-5;5
2023-11-22 08:44:22.000;1;ST1;id42;0;2100;1750;2250;-1,82;-5;5
2023-11-22 08:50:24.000;1;ST1;id43;0;2112;1750;2250;-1,8;-5;5
2023-10-25 10:02:22.000;1;ST3;id44;0;2118;1750;2250;-4,15;-5;5
2023-11-22 07:22:26.000;1;ST1;id45;0;2115;1750;2250;-1,53;-5;5
2023-11-22 09:03:34.000;1;ST1;id46;0;2102;1750;2250;-1,84;-5;5
2023-10-25 10:04:33.000;1;ST3;id47;0;2119;1750;2250;-4,08;-5;5
2023-10-25 10:03:19.000;1;ST3;id48;0;2130;1750;2250;-4,12;-5;5
2023-11-23 06:11:10.000;1;ST1;id49;0;2098;1750;2250;-2,59;-5;5
2023-10-25 09:59:50.000;1;ST1;id50;0;2131;1750;2250;-2,3;-5;5
2023-10-25 12:57:45.000;1;ST1;id51;0;2121;1750;2250;-2,61;-5;5
2023-11-22 08:17:54.000;1;ST1;id52;0;2114;1750;2250;-1,68;-5;5
2023-10-25 12:25:43.000;1;ST1;id53;0;2121;1750;2250;-2,53;-5;5
2023-11-22 07:46:17.000;1;ST1;id54;0;2105;1750;2250;-1,62;-5;5
2023-10-25 09:38:59.000;1;ST1;id55;0;2133;1750;2250;-2,23;-5;5
2023-11-22 07:48:26.000;1;ST1;id56;0;2104;1750;2250;-1,65;-5;5
2023-11-23 06:21:27.000;1;ST1;id57;0;2096;1750;2250;-2,69;-5;5
2023-10-25 09:39:56.000;1;ST1;id58;0;2126;1750;2250;-2,29;-5;5
2023-10-25 12:36:36.000;1;ST3;id59;0;2131;1750;2250;-3,19;-5;5
2023-11-22 09:21:04.000;1;ST1;id60;1;2071;1750;2250;-13,88;-5;5
2023-10-25 12:39:15.000;1;ST3;id61;0;2125;1750;2250;-3,13;-5;5
2023-10-25 09:25:35.000;1;ST1;id62;0;2118;1750;2250;-2,18;-5;5
2023-10-25 10:08:57.000;1;ST3;id63;0;2128;1750;2250;-4,09;-5;5
2023-10-25 10:20:56.000;1;ST1;id64;0;2117;1750;2250;-2,37;-5;5
2023-11-22 07:16:41.000;1;ST1;id65;0;2104;1750;2250;-1,5;-5;5
2023-10-25 12:11:08.000;1;ST3;id66;0;2119;1750;2250;-3,05;-5;5
2023-10-25 12:12:50.000;1;ST3;id67;0;2123;1750;2250;-3,13;-5;5
2023-11-22 14:34:33.000;1;ST1;id68;0;2104;1750;2250;-1,92;-5;5
2023-11-22 05:56:43.000;1;ST1;id69;0;2105;1750;2250;-1,36;-5;5
2023-11-22 06:43:05.000;1;ST1;id70;0;2106;1750;2250;-1,37;-5;5
2023-11-22 06:47:25.000;1;ST1;id71;0;2113;1750;2250;-1,37;-5;5
2023-11-22 06:46:17.000;1;ST1;id72;0;2114;1750;2250;-1,38;-5;5
2023-11-22 07:55:41.000;1;ST1;id73;0;2106;1750;2250;-1,58;-5;5
2023-11-22 07:58:11.000;1;ST1;id74;0;2114;1750;2250;-1,65;-5;5
2023-11-22 08:27:48.000;1;ST1;id75;0;2101;1750;2250;-1,72;-5;5
2023-11-22 08:28:45.000;1;ST1;id76;0;2105;1750;2250;-1,77;-5;5
2023-11-22 08:24:39.000;1;ST1;id77;0;2105;1750;2250;-1,71;-5;5
2023-11-22 09:04:30.000;1;ST1;id78;0;2106;1750;2250;-1,93;-5;5
2023-11-22 09:05:23.000;1;ST1;id79;0;2107;1750;2250;-1,88;-5;5
2024-01-10 06:59:11.000;1;ST1;id80;0;2116;1750;2250;-2,03;-5;5
2024-01-10 01:56:40.000;1;ST1;id81;0;2104;1750;2250;-2,56;-5;5
2024-01-10 07:19:05.000;1;ST1;id82;0;2112;1750;2250;-2,31;-5;5
2023-11-21 17:52:09.000;1;ST1;id83;0;2110;1750;2250;-3;-5;5
2024-01-10 06:29:20.000;1;ST1;id84;0;2106;1750;2250;-1,74;-5;5
2024-01-10 01:27:19.000;1;ST1;id85;0;2102;1750;2250;-2,49;-5;5
2024-01-10 01:36:34.000;1;ST1;id86;0;2103;1750;2250;-2,49;-5;5
2024-01-10 02:40:33.000;1;ST1;id87;0;2099;1750;2250;-2,92;-5;5
2024-01-10 05:44:04.000;1;ST1;id88;0;2099;1750;2250;-1,5;-5;5
2024-01-10 07:14:09.000;1;ST1;id89;0;2102;1750;2250;-2,23;-5;5
2023-10-25 09:23:22.000;1;ST3;id90;0;2111;1750;2250;-4,02;-5;5
2023-11-21 17:49:49.000;1;ST1;id91;0;2106;1750;2250;-2,85;-5;5
2023-10-25 12:15:51.000;1;ST1;id92;0;2118;1750;2250;-2,48;-5;5
2023-10-25 12:46:42.000;1;ST1;id93;0;2123;1750;2250;-2,5;-5;5
2024-01-10 07:58:25.000;1;ST1;id94;0;2113;1750;2250;-2,37;-5;5
2023-10-25 12:51:20.000;1;ST1;id95;0;2117;1750;2250;-2,59;-5;5
2024-01-10 05:59:59.000;1;ST1;id96;0;2105;1750;2250;-1,71;-5;5
2024-01-10 12:04:24.000;1;ST1;id97;0;2080;1750;2250;-3,31;-5;5
2024-01-10 05:16:53.000;1;ST1;id98;0;2102;1750;2250;-1,07;-5;5
2024-01-10 06:41:52.000;1;ST1;id99;0;2113;1750;2250;-1,85;-5;5
2023-11-21 17:57:26.000;1;ST1;id100;0;2100;1750;2250;-2,94;-5;5
2023-11-22 07:15:48.000;1;ST1;id101;0;2097;1750;2250;-1,5;-5;5
2023-11-22 07:18:39.000;1;ST1;id102;0;2106;1750;2250;-1,5;-5;5
2023-11-22 14:26:29.000;1;ST1;id103;0;2115;1750;2250;-1,89;-5;5
2023-11-22 08:32:58.000;1;ST1;id104;0;2110;1750;2250;-1,71;-5;5
2023-11-22 19:40:30.000;1;ST1;id105;0;2114;1750;2250;-2,29;-5;5
2023-10-25 12:22:17.000;1;ST3;id106;0;2136;1750;2250;-3,04;-5;5
2023-11-22 08:30:18.000;1;ST1;id107;0;2103;1750;2250;-1,78;-5;5
2023-10-25 13:06:07.000;1;ST1;id108;0;2120;1750;2250;-2,68;-5;5
2023-11-22 08:31:15.000;1;ST1;id109;0;2106;1750;2250;-1,77;-5;5
2023-11-22 14:33:39.000;1;ST1;id110;0;2099;1750;2250;-1,97;-5;5
2023-11-22 07:17:40.000;1;ST1;id111;0;2105;1750;2250;-1,55;-5;5
2023-11-23 12:10:52.000;1;ST1;id112;0;2105;1750;2250;-3,25;-5;5
2023-10-25 12:34:02.000;1;ST1;id113;0;2121;1750;2250;-2,48;-5;5
2023-10-25 12:35:54.000;1;ST1;id114;0;2129;1750;2250;-2,5;-5;5
2023-11-21 19:00:55.000;1;ST1;id115;0;2101;1750;2250;-3,04;-5;5
2023-11-21 20:40:48.000;1;ST1;id116;0;2090;1750;2250;-1,33;-5;5
2023-11-21 20:41:18.000;1;ST1;id117;0;2106;1750;2250;-1,24;-5;5
2023-10-25 09:27:09.000;1;ST1;id118;0;2119;1750;2250;-2,18;-5;5
2023-11-22 08:38:26.000;1;ST1;id119;0;2105;1750;2250;-1,81;-5;5
2023-10-25 09:24:01.000;1;ST1;id120;0;2115;1750;2250;-2,16;-5;5
2023-11-22 20:16:21.000;1;ST1;id121;0;2109;1750;2250;-2,44;-5;5
2023-10-25 09:44:36.000;1;ST3;id122;0;2122;1750;2250;-3,99;-5;5
2023-10-25 09:42:38.000;1;ST3;id123;0;2132;1750;2250;-4,03;-5;5
2023-10-25 09:56:27.000;1;ST3;id124;0;2126;1750;2250;-4,05;-5;5
2023-10-25 12:29:00.000;1;ST3;id125;0;2138;1750;2250;-3,04;-5;5
2023-11-22 07:45:20.000;1;ST1;id126;0;2101;1750;2250;-1,58;-5;5
2023-11-22 20:27:09.000;1;ST1;id127;0;2096;1750;2250;-2,44;-5;5
2023-11-22 20:28:20.000;1;ST1;id128;0;2102;1750;2250;-2,41;-5;5
2023-10-25 09:40:00.000;1;ST3;id129;0;2121;1750;2250;-3,99;-5;5
2023-11-21 17:53:26.000;1;ST1;id130;0;2095;1750;2250;-2,85;-5;5
2023-11-21 18:05:37.000;1;ST1;id131;0;2103;1750;2250;-2,89;-5;5
2023-11-21 18:08:04.000;1;ST1;id132;0;2114;1750;2250;-2,94;-5;5
2023-10-25 09:41:40.000;1;ST3;id133;0;2129;1750;2250;-4,02;-5;5
2023-11-22 20:42:12.000;1;ST1;id134;0;2112;1750;2250;-2,47;-5;5
2023-11-23 04:07:04.000;1;ST1;id135;0;2102;1750;2250;-2,54;-5;5
2023-11-21 18:02:36.000;1;ST1;id136;0;2096;1750;2250;-3,02;-5;5
2023-11-21 18:01:39.000;1;ST1;id137;0;2113;1750;2250;-2,91;-5;5
2023-10-25 09:48:32.000;1;ST3;id138;0;2133;1750;2250;-4,01;-5;5
2023-10-25 12:23:22.000;1;ST3;id139;0;2134;1750;2250;-3,11;-5;5
2023-11-23 20:30:03.000;1;ST1;id140;0;2105;1750;2250;-2,58;-5;5
2024-01-10 02:46:36.000;1;ST1;id141;0;2112;1750;2250;-2,88;-5;5
2024-01-10 11:37:35.000;1;ST1;id142;0;2109;1750;2250;-2,92;-5;5
2024-01-10 05:40:53.000;1;ST1;id143;0;2117;1750;2250;-1,36;-5;5
2024-01-10 02:02:22.000;1;ST1;id144;0;2101;1750;2250;-2,6;-5;5
2024-01-10 02:10:52.000;1;ST1;id145;0;2103;1750;2250;-2,7;-5;5
2023-11-21 18:10:02.000;1;ST1;id146;0;2113;1750;2250;-2,96;-5;5
2024-01-10 02:00:01.000;1;ST1;id147;0;2108;1750;2250;-2,57;-5;5
2023-10-25 09:45:37.000;1;ST3;id148;0;2125;1750;2250;-4,04;-5;5
2024-01-10 04:40:07.000;1;ST1;id149;0;2109;1750;2250;-1,03;-5;5
2023-10-25 09:49:33.000;1;ST3;id150;0;2122;1750;2250;-4,14;-5;5
2023-10-25 12:24:23.000;1;ST3;id151;0;2123;1750;2250;-3,16;-5;5
2023-10-25 12:35:35.000;1;ST3;id152;0;2129;1750;2250;-3,15;-5;5
2023-11-21 18:31:34.000;1;ST1;id153;0;2102;1750;2250;-3,04;-5;5
2023-11-22 15:24:44.000;1;ST1;id154;0;2110;1750;2250;-2,08;-5;5
2023-11-22 19:41:26.000;1;ST1;id155;0;2095;1750;2250;-2,42;-5;5
2023-11-22 19:48:24.000;1;ST1;id156;0;2111;1750;2250;-2,4;-5;5
2023-11-22 07:21:18.000;1;ST1;id157;0;2116;1750;2250;-1,56;-5;5
2023-10-25 09:57:06.000;1;ST1;id158;0;2119;1750;2250;-2,38;-5;5
2023-10-25 12:52:13.000;1;ST1;id159;0;2122;1750;2250;-2,55;-5;5
2024-01-10 05:19:15.000;1;ST1;id160;0;2105;1750;2250;-1,12;-5;5
2024-01-10 04:10:30.000;1;ST1;id161;0;2099;1750;2250;-3,47;-5;5
2023-11-22 08:26:53.000;1;ST1;id162;0;2110;1750;2250;-1,7;-5;5
2023-11-22 20:10:34.000;1;ST1;id163;0;2098;1750;2250;-2,4;-5;5
2023-10-25 12:53:11.000;1;ST1;id164;0;2130;1750;2250;-2,57;-5;5
2024-01-10 10:48:13.000;1;ST1;id165;0;2110;1750;2250;-2,93;-5;5
2023-10-25 13:04:06.000;1;ST1;id166;0;2111;1750;2250;-2,64;-5;5
2024-01-10 07:11:58.000;1;ST1;id167;0;2100;1750;2250;-2,17;-5;5
2023-12-19 04:28:58.000;1;ST2;id168;0;2138;1750;2250;-3,91;-5;5
2024-01-04 07:07:36.000;1;ST2;id169;warning;2132;1750;2250;-4,77;-5;5
2023-12-19 04:56:15.000;1;ST2;id170;0;2138;1750;2250;-4,09;-5;5
2023-12-19 05:23:03.000;1;ST2;id171;warning;2145;1750;2250;-4,31;-5;5
2023-12-19 05:49:15.000;1;ST2;id172;warning;2147;1750;2250;-4,57;-5;5
2023-11-22 08:25:34.000;1;ST1;id173;0;2117;1750;2250;-1,72;-5;5
2023-10-25 13:05:03.000;1;ST1;id174;0;2115;1750;2250;-2,71;-5;5
2023-11-22 20:38:41.000;1;ST1;id175;0;2098;1750;2250;-2,49;-5;5
2024-01-05 13:12:38.000;1;ST2;id176;0;2149;1750;2250;-3;-5;5
2024-01-05 12:24:22.000;1;ST2;id177;0;2138;1750;2250;-2,79;-5;5
2024-01-04 07:07:58.000;1;ST2;id178;0;2147;1750;2250;-4,35;-5;5
2023-10-25 09:47:35.000;1;ST3;id179;0;2131;1750;2250;-3,99;-5;5
2023-10-25 09:56:08.000;1;ST1;id180;0;2123;1750;2250;-2,29;-5;5
2023-11-22 07:53:50.000;1;ST1;id181;0;2103;1750;2250;-1,68;-5;5
2023-11-22 20:36:41.000;1;ST1;id182;0;2103;1750;2250;-2,47;-5;5
2023-11-22 08:37:30.000;1;ST1;id183;0;2104;1750;2250;-1,73;-5;5
2023-10-25 12:20:23.000;1;ST1;id184;0;2115;1750;2250;-2,45;-5;5
2023-10-25 12:54:04.000;1;ST1;id185;0;2131;1750;2250;-2,59;-5;5
2023-10-25 12:55:55.000;1;ST1;id186;0;2114;1750;2250;-2,63;-5;5
2023-11-22 14:13:31.000;1;ST1;id187;0;2103;1750;2250;-1,85;-5;5
2023-11-22 14:46:05.000;1;ST1;id188;0;2111;1750;2250;-2,03;-5;5
2023-11-22 07:56:52.000;1;ST1;id189;0;2106;1750;2250;-1,57;-5;5
2023-10-25 13:07:58.000;1;ST1;id190;0;2121;1750;2250;-2,71;-5;5
2023-11-22 15:23:25.000;1;ST1;id191;0;2100;1750;2250;-2,01;-5;5
2023-11-22 15:31:25.000;1;ST1;id192;0;2101;1750;2250;-2,04;-5;5
2023-11-22 15:29:48.000;1;ST1;id193;0;2099;1750;2250;-2,08;-5;5
2023-11-21 18:59:24.000;1;ST1;id194;0;2097;1750;2250;-3,03;-5;5
2023-10-25 10:30:38.000;1;ST3;id195;0;2131;1750;2250;-4,18;-5;5
2023-11-22 07:27:24.000;1;ST1;id196;0;2102;1750;2250;-1,45;-5;5
2023-11-22 19:51:38.000;1;ST1;id197;0;2103;1750;2250;-2,44;-5;5
2023-11-22 19:52:59.000;1;ST1;id198;0;2103;1750;2250;-2,4;-5;5
2023-10-25 11:58:23.000;1;ST3;id199;0;2119;1750;2250;-4,29;-5;5
2023-10-25 11:55:43.000;1;ST3;id200;0;2129;1750;2250;-4,17;-5;5
2023-10-25 12:49:30.000;1;ST1;id201;0;2116;1750;2250;-2,56;-5;5
2023-10-25 13:14:27.000;1;ST1;id202;0;2116;1750;2250;-2,74;-5;5
2023-10-25 09:53:13.000;1;ST3;id203;0;2124;1750;2250;-4,2;-5;5
2023-10-25 09:52:13.000;1;ST3;id204;0;2121;1750;2250;-4,14;-5;5
2023-11-23 16:06:36.000;1;ST1;id205;0;2102;1750;2250;-1,86;-5;5
2023-10-25 09:50:31.000;1;ST3;id206;0;2121;1750;2250;-4,07;-5;5
2023-11-22 15:37:10.000;1;ST1;id207;0;2097;1750;2250;-2,08;-5;5
2023-10-25 12:25:20.000;1;ST3;id208;0;2129;1750;2250;-3,16;-5;5
2023-11-22 20:32:35.000;1;ST1;id209;0;2112;1750;2250;-2,49;-5;5
2023-11-22 08:14:46.000;1;ST1;id210;0;2104;1750;2250;-1,67;-5;5
2023-11-22 20:31:02.000;1;ST1;id211;0;2101;1750;2250;-2,5;-5;5
2023-11-22 14:10:06.000;1;ST1;id212;0;2096;1750;2250;-1,89;-5;5
2023-11-22 14:09:13.000;1;ST1;id213;0;2105;1750;2250;-1,86;-5;5
2023-11-23 15:55:34.000;1;ST1;id214;0;2092;1750;2250;-1,93;-5;5
2023-11-23 16:45:48.000;1;ST1;id215;0;2105;1750;2250;-1,96;-5;5
2023-11-23 18:51:43.000;1;ST1;id216;0;2096;1750;2250;-2,35;-5;5
2023-11-23 19:00:22.000;1;ST1;id217;0;2099;1750;2250;-2,32;-5;5
2023-11-22 12:03:00.000;1;ST1;id218;0;2081;1750;2250;-1,86;-5;5
2023-11-22 12:33:48.000;1;ST1;id219;0;2100;1750;2250;-1,79;-5;5
2023-11-22 12:14:37.000;1;ST1;id220;0;2101;1750;2250;-1,79;-5;5
2023-11-22 13:32:00.000;1;ST1;id221;0;2097;1750;2250;-1,85;-5;5
2023-11-22 14:11:55.000;1;ST1;id222;0;2104;1750;2250;-1,88;-5;5
2023-11-22 14:27:33.000;1;ST1;id223;0;2110;1750;2250;-1,97;-5;5
2023-10-25 10:00:47.000;1;ST1;id224;0;2125;1750;2250;-2,36;-5;5
2024-01-05 09:56:06.000;1;ST2;id225;0;2147;1750;2250;-2,4;-5;5
2024-01-05 10:59:51.000;1;ST2;id226;0;2140;1750;2250;-2,54;-5;5
2023-12-19 04:31:02.000;1;ST2;id227;0;2145;1750;2250;-3,84;-5;5
2023-11-22 15:42:51.000;1;ST1;id228;0;2113;1750;2250;-2,06;-5;5
2023-11-22 20:18:42.000;1;ST1;id229;0;2100;1750;2250;-2,45;-5;5
2023-12-19 09:29:51.000;1;ST2;id230;0;2132;1750;2250;-2,08;-5;5
2023-10-25 09:58:56.000;1;ST1;id231;0;2128;1750;2250;-2,34;-5;5
2023-10-25 12:27:02.000;1;ST3;id232;0;2127;1750;2250;-3,13;-5;5
2023-12-19 05:30:35.000;1;ST2;id233;warning;2143;1750;2250;-4,39;-5;5
2024-01-05 15:39:22.000;1;ST2;id234;0;2136;1750;2250;-3,08;-5;5
2023-11-21 18:32:31.000;1;ST1;id235;0;2104;1750;2250;-3,11;-5;5
2023-10-25 12:31:27.000;1;ST1;id236;0;2120;1750;2250;-2,49;-5;5
2023-12-19 05:39:05.000;1;ST2;id237;warning;2137;1750;2250;-4,37;-5;5
2024-01-04 10:14:32.000;1;ST2;id238;0;2138;1750;2250;-1,93;-5;5
2023-10-25 12:40:12.000;1;ST3;id239;0;2127;1750;2250;-3,17;-5;5
2024-01-05 12:29:04.000;1;ST2;id240;0;2149;1750;2250;-2,88;-5;5
2023-10-25 08:53:38.000;1;ST3;id241;0;2131;1750;2250;-3,79;-5;5
2024-01-04 11:43:21.000;1;ST2;id242;0;2138;1750;2250;-0,22;-5;5
2024-01-06 13:36:00.000;1;ST2;id243;0;2141;1750;2250;-3,22;-5;5
2023-12-19 04:39:39.000;1;ST2;id244;0;2147;1750;2250;-3,97;-5;5
2023-11-22 07:49:20.000;1;ST1;id245;0;2115;1750;2250;-1,56;-5;5
2023-12-19 05:32:42.000;1;ST2;id246;warning;2136;1750;2250;-4,33;-5;5
2023-12-19 09:28:02.000;1;ST2;id247;0;2123;1750;2250;-1,91;-5;5
2023-10-25 08:52:37.000;1;ST3;id248;0;2125;1750;2250;-3,74;-5;5
2023-10-25 09:09:06.000;1;ST3;id249;0;2131;1750;2250;-3,88;-5;5
2023-12-19 06:06:36.000;1;ST2;id250;warning;2135;1750;2250;-4,62;-5;5
2023-12-19 05:51:17.000;1;ST2;id251;warning;2133;1750;2250;-4,58;-5;5
2023-10-25 10:09:58.000;1;ST3;id252;0;2129;1750;2250;-4,15;-5;5
2023-12-19 05:57:37.000;1;ST2;id253;warning;2142;1750;2250;-4,55;-5;5
2024-01-09 14:08:36.000;1;ST2;id254;0;2135;1750;2250;-3,52;-5;5
2024-01-10 02:52:08.000;1;ST1;id255;0;2101;1750;2250;-3;-5;5
2024-01-10 03:05:41.000;1;ST1;id256;0;2102;1750;2250;-3,13;-5;5
2023-11-23 06:08:54.000;1;ST1;id257;0;2112;1750;2250;-2,6;-5;5
2024-01-10 01:54:10.000;1;ST1;id258;0;2102;1750;2250;-2,54;-5;5
2024-01-05 14:41:46.000;1;ST2;id259;0;2139;1750;2250;-3,17;-5;5
2023-11-21 19:27:25.000;1;ST1;id260;0;2098;1750;2250;-3,15;-5;5
2023-11-21 19:30:29.000;1;ST1;id261;1;2100;1750;2250;-3,71;-5;5
2023-10-25 12:42:01.000;1;ST3;id262;0;2133;1750;2250;-3,19;-5;5
2023-10-25 12:39:09.000;1;ST1;id263;0;2111;1750;2250;-2,56;-5;5
2023-11-21 19:29:36.000;1;ST1;id264;0;2103;1750;2250;-3,14;-5;5
2023-11-22 05:50:00.000;1;ST1;id265;0;2111;1750;2250;-1,31;-5;5
2023-11-22 05:51:50.000;1;ST1;id266;0;2101;1750;2250;-1,32;-5;5
2023-11-22 15:39:52.000;1;ST1;id267;0;2103;1750;2250;-2,09;-5;5
2023-11-22 06:39:21.000;1;ST1;id268;0;2109;1750;2250;-1,39;-5;5
2023-11-22 20:37:45.000;1;ST1;id269;0;2093;1750;2250;-2,65;-5;5
2023-10-25 09:05:10.000;1;ST3;id270;0;2125;1750;2250;-3,9;-5;5
2023-10-25 12:59:36.000;1;ST1;id271;0;2122;1750;2250;-2,61;-5;5
2023-10-25 13:02:05.000;1;ST1;id272;0;2122;1750;2250;-2,63;-5;5
2023-10-25 13:00:33.000;1;ST1;id273;0;2121;1750;2250;-2,65;-5;5
2023-11-21 19:45:31.000;1;ST1;id274;1;2080;1750;2250;-6,03;-5;5
2023-11-21 21:00:21.000;1;ST1;id275;0;2101;1750;2250;-1,16;-5;5
2023-11-21 21:20:27.000;1;ST1;id276;0;2102;1750;2250;-1,16;-5;5
2023-11-22 06:24:50.000;1;ST1;id277;0;2102;1750;2250;-1,34;-5;5
2023-11-22 12:10:59.000;1;ST1;id278;0;2104;1750;2250;-1,7;-5;5
2023-11-22 12:12:48.000;1;ST1;id279;0;2103;1750;2250;-1,78;-5;5
2023-11-22 12:56:13.000;1;ST1;id280;0;2101;1750;2250;-1,75;-5;5
2023-11-22 20:35:36.000;1;ST1;id281;0;2097;1750;2250;-2,44;-5;5
2023-11-22 20:40:22.000;1;ST1;id282;0;2112;1750;2250;-2,58;-5;5
2023-10-25 12:28:03.000;1;ST3;id283;0;2139;1750;2250;-3,15;-5;5
2023-11-21 19:08:10.000;1;ST1;id284;0;2098;1750;2250;-3,02;-5;5
2023-11-21 19:21:10.000;1;ST1;id285;0;2101;1750;2250;-3,13;-5;5
2023-11-22 15:51:40.000;1;ST1;id286;0;2106;1750;2250;-2,1;-5;5
2023-10-25 13:07:05.000;1;ST1;id287;0;2115;1750;2250;-2,68;-5;5
2023-11-22 16:02:16.000;1;ST1;id288;0;2100;1750;2250;-2,1;-5;5
2023-10-25 13:17:11.000;1;ST1;id289;0;2123;1750;2250;-2,73;-5;5
2023-12-19 05:29:43.000;1;ST2;id290;warning;2145;1750;2250;-4,44;-5;5
2023-10-25 09:17:00.000;1;ST3;id291;0;2121;1750;2250;-3,95;-5;5
2023-11-22 20:43:39.000;1;ST1;id292;0;2099;1750;2250;-2,58;-5;5
2023-11-21 21:32:28.000;1;ST1;id293;0;2107;1750;2250;-1,1;-5;5
2023-10-25 12:40:39.000;1;ST1;id294;0;2119;1750;2250;-2,51;-5;5
2023-10-25 12:56:52.000;1;ST1;id295;0;2114;1750;2250;-2,68;-5;5
2023-10-25 12:55:01.000;1;ST1;id296;0;2124;1750;2250;-2,63;-5;5
2023-11-23 04:02:10.000;1;ST1;id297;0;2094;1750;2250;-2,58;-5;5
2023-10-25 10:03:44.000;1;ST1;id298;0;2112;1750;2250;-2,35;-5;5
2023-10-25 10:05:35.000;1;ST1;id299;0;2117;1750;2250;-2,4;-5;5
2023-11-21 19:02:44.000;1;ST1;id300;0;2104;1750;2250;-3,09;-5;5
2023-10-25 10:04:38.000;1;ST1;id301;0;2120;1750;2250;-2,31;-5;5
2023-11-23 04:06:12.000;1;ST1;id302;0;2093;1750;2250;-2,55;-5;5
2023-10-25 08:57:17.000;1;ST3;id303;0;2122;1750;2250;-3,83;-5;5
2023-11-21 13:55:18.000;1;ST1;id304;0;2092;1750;2250;-2,74;-5;5
2023-10-25 08:58:14.000;1;ST3;id305;0;2126;1750;2250;-3,78;-5;5
2023-11-21 19:01:51.000;1;ST1;id306;0;2102;1750;2250;-3,12;-5;5
2023-11-21 21:31:35.000;1;ST1;id307;0;2101;1750;2250;-1,18;-5;5
2023-10-25 08:57:55.000;1;ST1;id308;0;2110;1750;2250;-2,38;-5;5
2023-11-22 07:02:08.000;1;ST1;id309;0;2101;1750;2250;-1,42;-5;5
2023-11-22 07:08:29.000;1;ST1;id310;0;2106;1750;2250;-1,45;-5;5
2023-10-25 10:08:26.000;1;ST1;id311;0;2131;1750;2250;-2,36;-5;5
2023-10-25 10:13:40.000;1;ST3;id312;0;2124;1750;2250;-4,09;-5;5
2023-11-23 18:49:36.000;1;ST1;id313;0;2096;1750;2250;-2,29;-5;5
2023-11-23 19:01:58.000;1;ST1;id314;0;2104;1750;2250;-2,34;-5;5
2023-11-23 19:04:00.000;1;ST1;id315;0;2096;1750;2250;-2,31;-5;5
2023-11-23 19:07:37.000;1;ST1;id316;0;2098;1750;2250;-2,37;-5;5
2023-10-25 09:26:01.000;1;ST3;id317;0;2123;1750;2250;-4,01;-5;5
2023-11-22 09:09:41.000;1;ST1;id318;0;2108;1750;2250;-1,95;-5;5
2023-10-25 09:37:58.000;1;ST1;id319;0;2117;1750;2250;-2,3;-5;5
2023-10-25 09:36:44.000;1;ST1;id320;0;2119;1750;2250;-2,24;-5;5
2023-11-22 09:13:09.000;1;ST1;id321;0;2100;1750;2250;-1,91;-5;5
2023-11-22 09:17:34.000;1;ST1;id322;0;2113;1750;2250;-1,97;-5;5
2023-11-22 09:16:06.000;1;ST1;id323;0;2103;1750;2250;-1,93;-5;5
2023-11-22 09:18:42.000;1;ST1;id324;0;2114;1750;2250;-1,95;-5;5
2023-11-22 09:33:24.000;1;ST1;id325;0;2095;1750;2250;-1,54;-5;5
2023-11-22 09:30:26.000;1;ST1;id326;1;2060;1750;2250;-11,45;-5;5
2023-11-21 17:58:53.000;1;ST1;id327;0;2104;1750;2250;-2,95;-5;5
2023-11-22 12:04:53.000;1;ST1;id328;0;2104;1750;2250;-1,71;-5;5
2023-11-22 12:03:57.000;1;ST1;id329;0;2102;1750;2250;-1,67;-5;5
2023-11-21 11:59:16.000;1;ST1;id330;0;2101;1750;2250;-2,6;-5;5
2023-11-21 12:10:17.000;1;ST1;id331;0;2104;1750;2250;-2,66;-5;5
2023-11-21 16:19:27.000;1;ST1;id332;0;2105;1750;2250;-2,82;-5;5
2023-11-21 16:43:27.000;1;ST1;id333;0;2106;1750;2250;-2,85;-5;5
2023-11-21 16:45:05.000;1;ST1;id334;0;2110;1750;2250;-2,88;-5;5
2023-11-21 16:49:00.000;1;ST1;id335;0;2104;1750;2250;-2,92;-5;5
2023-10-25 08:56:16.000;1;ST3;id336;0;2127;1750;2250;-3,79;-5;5
2023-10-25 09:00:13.000;1;ST3;id337;0;2132;1750;2250;-3,8;-5;5
2023-10-25 08:56:20.000;1;ST1;id338;0;2104;1750;2250;-2,37;-5;5
2023-10-25 09:17:57.000;1;ST3;id339;0;2125;1750;2250;-3,86;-5;5
2023-10-25 09:18:58.000;1;ST3;id340;0;2127;1750;2250;-3,95;-5;5
2023-11-22 14:11:03.000;1;ST1;id341;0;2102;1750;2250;-1,93;-5;5
2023-11-22 18:45:22.000;1;ST1;id342;0;2100;1750;2250;-2,27;-5;5
2023-11-21 15:02:28.000;1;ST1;id343;0;2108;1750;2250;-2,89;-5;5
2023-11-21 15:22:26.000;1;ST1;id344;0;2102;1750;2250;-2,79;-5;5
2024-01-10 13:57:11.000;1;ST1;id345;0;2093;1750;2250;-3,2;-5;5
2024-01-05 09:54:51.000;1;ST2;id346;0;2140;1750;2250;-2,48;-5;5
2024-01-05 12:22:29.000;1;ST2;id347;0;2149;1750;2250;-2,71;-5;5
2024-01-10 11:26:13.000;1;ST1;id348;0;2104;1750;2250;-2,92;-5;5
2023-11-22 15:41:55.000;1;ST1;id349;0;2102;1750;2250;-2,15;-5;5
2023-10-25 10:11:59.000;1;ST3;id350;0;2120;1750;2250;-4,06;-5;5
2024-01-05 11:01:21.000;1;ST2;id351;0;2148;1750;2250;-2,61;-5;5
2023-11-22 17:03:42.000;1;ST1;id352;0;2101;1750;2250;-2,07;-5;5
2024-01-10 03:03:05.000;1;ST1;id353;0;2100;1750;2250;-2,99;-5;5
2024-01-05 15:43:39.000;1;ST2;id354;0;2151;1750;2250;-3,09;-5;5
2023-12-19 04:55:19.000;1;ST2;id355;0;2134;1750;2250;-4,15;-5;5
2024-01-10 03:17:01.000;1;ST1;id356;0;2110;1750;2250;-3,1;-5;5
2024-01-10 04:00:38.000;1;ST1;id357;0;2100;1750;2250;-3,49;-5;5
2024-01-10 04:04:07.000;1;ST1;id358;0;2112;1750;2250;-3,48;-5;5
2024-01-04 13:37:25.000;1;ST2;id359;0;2145;1750;2250;-2,31;-5;5
2023-12-19 05:22:07.000;1;ST2;id360;0;2145;1750;2250;-4,25;-5;5
2023-10-25 10:24:25.000;1;ST1;id361;0;2119;1750;2250;-2,42;-5;5
2023-10-25 10:25:43.000;1;ST1;id362;0;2126;1750;2250;-2,45;-5;5
2023-11-22 17:15:47.000;1;ST1;id363;0;2093;1750;2250;-2,18;-5;5
2024-01-10 07:16:49.000;1;ST1;id364;0;2105;1750;2250;-2,22;-5;5
2023-11-21 19:22:03.000;1;ST1;id365;0;2104;1750;2250;-3,06;-5;5
2023-10-25 11:09:32.000;1;ST3;id366;0;2123;1750;2250;-4,27;-5;5
2023-11-22 18:40:12.000;1;ST1;id367;0;2101;1750;2250;-2,23;-5;5
2023-10-25 12:30:01.000;1;ST3;id368;0;2127;1750;2250;-3,17;-5;5
2023-11-22 07:52:53.000;1;ST1;id369;0;2101;1750;2250;-1,65;-5;5
2023-10-25 10:18:56.000;1;ST3;id370;0;2122;1750;2250;-4,14;-5;5
2023-11-22 15:55:25.000;1;ST1;id371;0;2087;1750;2250;-2,18;-5;5
2023-10-25 10:21:37.000;1;ST3;id372;0;2135;1750;2250;-4,2;-5;5
2023-11-22 07:54:42.000;1;ST1;id373;0;2104;1750;2250;-1,63;-5;5
2023-11-22 17:08:36.000;1;ST1;id374;0;2098;1750;2250;-2,14;-5;5
2023-11-21 21:01:14.000;1;ST1;id375;0;2106;1750;2250;-1,14;-5;5
2023-10-25 10:11:49.000;1;ST1;id376;0;2120;1750;2250;-2,31;-5;5
2023-11-22 16:05:36.000;1;ST1;id377;0;2093;1750;2250;-2,12;-5;5
2023-10-25 10:23:36.000;1;ST3;id378;0;2130;1750;2250;-4,15;-5;5
2023-11-22 17:10:43.000;1;ST1;id379;0;2101;1750;2250;-2,13;-5;5
2023-10-25 10:20:40.000;1;ST3;id380;0;2122;1750;2250;-4,16;-5;5
2023-11-22 17:34:45.000;1;ST1;id381;0;2090;1750;2250;-2,2;-5;5
2024-01-05 10:56:01.000;1;ST2;id382;0;2150;1750;2250;-2,57;-5;5
2023-10-25 09:08:06.000;1;ST3;id383;0;2135;1750;2250;-3,8;-5;5
2023-10-25 09:07:08.000;1;ST3;id384;0;2135;1750;2250;-3,9;-5;5
2024-01-10 07:05:17.000;1;ST1;id385;0;2105;1750;2250;-2,19;-5;5
2023-12-19 06:08:39.000;1;ST2;id386;warning;2137;1750;2250;-4,84;-5;5
2024-01-05 13:09:48.000;1;ST2;id387;0;2143;1750;2250;-2,88;-5;5
2023-11-21 21:36:08.000;1;ST1;id388;0;2102;1750;2250;-1,2;-5;5
2023-10-25 09:06:07.000;1;ST3;id389;0;2127;1750;2250;-3,83;-5;5
2024-01-04 09:54:02.000;1;ST2;id390;1;2133;1750;2250;-5,18;-5;5
2024-01-05 13:27:56.000;1;ST2;id391;0;2147;1750;2250;-3,12;-5;5
2024-01-04 13:36:10.000;1;ST2;id392;0;2147;1750;2250;-2,21;-5;5
2023-10-25 10:17:55.000;1;ST3;id393;0;2106;1750;2250;-4,11;-5;5
2024-01-05 13:29:11.000;1;ST2;id394;0;2137;1750;2250;-2,98;-5;5
2023-11-22 05:53:14.000;1;ST1;id395;0;2104;1750;2250;-1,28;-5;5
2023-10-25 10:16:14.000;1;ST1;id396;0;2130;1750;2250;-2,32;-5;5
2023-10-25 11:08:31.000;1;ST3;id397;0;2119;1750;2250;-4,22;-5;5
2024-01-09 07:41:45.000;1;ST2;id398;0;2137;1750;2250;-3,58;-5;5
2023-12-19 05:42:05.000;1;ST2;id399;warning;2145;1750;2250;-4,41;-5;5
2023-11-22 05:50:53.000;1;ST1;id400;0;2113;1750;2250;-1,33;-5;5
2023-12-19 04:36:16.000;1;ST2;id401;0;2137;1750;2250;-4,06;-5;5
2023-10-25 08:54:35.000;1;ST3;id402;0;2135;1750;2250;-3,79;-5;5
2023-11-22 08:20:10.000;1;ST1;id403;0;2100;1750;2250;-1,75;-5;5
2023-10-25 09:13:03.000;1;ST3;id404;0;2123;1750;2250;-3,98;-5;5
2023-10-25 10:15:30.000;1;ST3;id405;0;2128;1750;2250;-4,11;-5;5
2023-11-23 12:22:16.000;1;ST1;id406;0;2084;1750;2250;-3,31;-5;5
2023-10-25 10:33:33.000;1;ST3;id407;0;2121;1750;2250;-4,14;-5;5
2023-11-21 20:42:31.000;1;ST1;id408;0;2116;1750;2250;-1,11;-5;5
2023-10-25 10:18:16.000;1;ST1;id409;0;2113;1750;2250;-2,36;-5;5
2023-11-22 05:37:59.000;1;ST1;id410;0;2102;1750;2250;-1,24;-5;5
2023-10-25 10:14:40.000;1;ST1;id411;0;2118;1750;2250;-2,35;-5;5
2023-10-25 10:13:42.000;1;ST1;id412;0;2122;1750;2250;-2,37;-5;5
2023-11-22 20:21:04.000;1;ST1;id413;0;2101;1750;2250;-2,4;-5;5
2023-11-22 15:50:45.000;1;ST1;id414;0;2101;1750;2250;-2,06;-5;5
2023-12-19 06:30:23.000;1;ST2;id415;warning;2137;1750;2250;-4,79;-5;5
2023-12-19 09:27:10.000;1;ST2;id416;0;2115;1750;2250;-1,97;-5;5
2023-12-19 04:34:41.000;1;ST2;id417;0;2135;1750;2250;-3,98;-5;5
2023-12-19 05:44:11.000;1;ST2;id418;warning;2131;1750;2250;-4,52;-5;5
2024-01-05 15:34:03.000;1;ST2;id419;0;2140;1750;2250;-3,04;-5;5
2023-11-22 05:54:11.000;1;ST1;id420;0;2105;1750;2250;-1,33;-5;5
2024-01-04 10:10:39.000;1;ST2;id421;0;2140;1750;2250;-2,28;-5;5
2024-01-05 10:57:17.000;1;ST2;id422;0;2139;1750;2250;-2,5;-5;5
2023-12-19 09:28:58.000;1;ST2;id423;0;2130;1750;2250;-1,98;-5;5
2024-01-05 12:21:14.000;1;ST2;id424;0;2152;1750;2250;-2,83;-5;5
2023-12-19 04:44:02.000;1;ST2;id425;0;2139;1750;2250;-4,16;-5;5
2024-01-10 08:24:32.000;1;ST1;id426;0;2102;1750;2250;-2,5;-5;5
2024-01-10 08:41:34.000;1;ST1;id427;0;2098;1750;2250;-2,48;-5;5
2024-01-04 11:39:39.000;1;ST2;id428;0;2147;1750;2250;-2,02;-5;5
2023-12-19 04:38:43.000;1;ST2;id429;0;2144;1750;2250;-3,88;-5;5
2023-12-19 04:37:50.000;1;ST2;id430;0;2144;1750;2250;-3,91;-5;5
2024-01-10 07:03:05.000;1;ST1;id431;0;2101;1750;2250;-2,11;-5;5
2024-01-10 02:36:48.000;1;ST1;id432;0;2111;1750;2250;-2,84;-5;5
2024-01-05 12:17:20.000;1;ST2;id433;0;2135;1750;2250;-2,6;-5;5
2023-11-21 14:26:55.000;1;ST1;id434;0;2100;1750;2250;-2,91;-5;5
2023-11-21 18:25:32.000;1;ST1;id435;0;2105;1750;2250;-2,96;-5;5
2023-11-22 14:43:28.000;1;ST1;id436;0;2101;1750;2250;-1,99;-5;5
2023-11-22 15:12:58.000;1;ST1;id437;0;2100;1750;2250;-2,08;-5;5
2023-11-22 12:16:29.000;1;ST1;id438;0;2108;1750;2250;-1,76;-5;5
2023-11-22 14:03:18.000;1;ST1;id439;0;2099;1750;2250;-1,85;-5;5
2023-11-21 16:47:53.000;1;ST1;id440;0;2101;1750;2250;-2,83;-5;5
2023-11-22 18:41:51.000;1;ST1;id441;0;2112;1750;2250;-2,23;-5;5
2023-11-22 18:44:05.000;1;ST1;id442;0;2095;1750;2250;-2,27;-5;5
2023-11-22 18:53:56.000;1;ST1;id443;0;2097;1750;2250;-2,31;-5;5
2023-11-22 19:02:41.000;1;ST1;id444;0;2090;1750;2250;-2,26;-5;5
2023-11-22 12:11:51.000;1;ST1;id445;0;2100;1750;2250;-1,68;-5;5
2023-11-21 16:57:35.000;1;ST1;id446;0;2104;1750;2250;-2,85;-5;5
2023-11-21 16:56:41.000;1;ST1;id447;0;2096;1750;2250;-2,92;-5;5
2023-11-22 12:13:41.000;1;ST1;id448;0;2106;1750;2250;-1,75;-5;5
2023-11-22 17:42:56.000;1;ST1;id449;0;2110;1750;2250;-2,21;-5;5
2023-11-21 16:46:23.000;1;ST1;id450;0;2094;1750;2250;-2,94;-5;5
2023-11-22 17:54:43.000;1;ST1;id451;0;2092;1750;2250;-2,2;-5;5
2023-11-22 18:02:39.000;1;ST1;id452;0;2111;1750;2250;-2,27;-5;5
2023-11-22 18:19:12.000;1;ST1;id453;0;2099;1750;2250;-2,25;-5;5
2023-11-21 14:04:55.000;1;ST1;id454;0;2103;1750;2250;-2,76;-5;5
2023-10-25 09:01:13.000;1;ST3;id455;0;2133;1750;2250;-3,85;-5;5
2023-10-25 09:03:12.000;1;ST3;id456;0;2119;1750;2250;-3,8;-5;5
2023-10-25 09:04:09.000;1;ST3;id457;0;2123;1750;2250;-3,83;-5;5
2023-11-21 17:48:47.000;1;ST1;id458;0;2101;1750;2250;-2,9;-5;5
2023-11-22 19:49:21.000;1;ST1;id459;0;2106;1750;2250;-2,42;-5;5
2023-11-22 19:50:42.000;1;ST1;id460;0;2101;1750;2250;-2,4;-5;5
2023-11-22 20:17:13.000;1;ST1;id461;0;2109;1750;2250;-2,38;-5;5
2023-11-22 20:22:01.000;1;ST1;id462;0;2103;1750;2250;-2,47;-5;5
2023-11-21 12:11:56.000;1;ST1;id463;0;2104;1750;2250;-2,72;-5;5
2023-11-21 12:23:51.000;1;ST1;id464;0;2107;1750;2250;-2,75;-5;5
2023-11-21 15:00:56.000;1;ST1;id465;0;2103;1750;2250;-2,85;-5;5
2023-11-21 14:59:24.000;1;ST1;id466;0;2094;1750;2250;-2,87;-5;5
2023-11-21 18:00:43.000;1;ST1;id467;0;2113;1750;2250;-3,01;-5;5
2023-11-21 18:06:34.000;1;ST1;id468;0;2106;1750;2250;-2,96;-5;5
2023-11-21 18:26:35.000;1;ST1;id469;warning;2110;1750;2250;-3,01;-5;5
2023-11-21 18:30:18.000;1;ST1;id470;0;2093;1750;2250;-3,06;-5;5
2023-11-21 21:02:10.000;1;ST1;id471;0;2116;1750;2250;-1,15;-5;5
2023-10-25 10:22:38.000;1;ST3;id472;0;2133;1750;2250;-4,19;-5;5
2024-01-10 12:26:45.000;1;ST1;id473;0;2102;1750;2250;-3,08;-5;5
2024-01-05 13:15:44.000;1;ST2;id474;0;2141;1750;2250;-2,93;-5;5
2023-12-19 04:43:07.000;1;ST2;id475;0;2138;1750;2250;-4,08;-5;5
2023-12-19 05:00:14.000;1;ST2;id476;0;2146;1750;2250;-4,17;-5;5
2024-01-10 10:24:22.000;1;ST1;id477;0;2082;1750;2250;-3,06;-5;5
2024-01-10 11:55:19.000;1;ST1;id478;0;2080;1750;2250;-3,3;-5;5
2024-01-05 11:35:56.000;1;ST2;id479;0;2140;1750;2250;-2,77;-5;5
2024-01-10 06:52:14.000;1;ST1;id480;0;2108;1750;2250;-2;-5;5
2024-01-04 11:50:13.000;1;ST2;id481;0;2141;1750;2250;-2,26;-5;5
2023-12-19 05:23:56.000;1;ST2;id482;0;2141;1750;2250;-4,26;-5;5
2024-01-08 08:00:30.000;1;ST2;id483;0;2141;1750;2250;-3,38;-5;5
2024-01-10 05:31:20.000;1;ST1;id484;0;2112;1750;2250;-1,28;-5;5
2024-01-10 06:50:19.000;1;ST1;id485;0;2114;1750;2250;-1,94;-5;5
2024-01-10 03:25:27.000;1;ST1;id486;0;2103;1750;2250;-3,14;-5;5
2024-01-10 05:45:20.000;1;ST1;id487;0;2106;1750;2250;-1,46;-5;5
2023-12-19 06:20:56.000;1;ST2;id488;warning;2135;1750;2250;-4,68;-5;5
2024-01-10 07:33:53.000;1;ST1;id489;0;2102;1750;2250;-2,39;-5;5
2024-01-05 12:31:34.000;1;ST2;id490;0;2139;1750;2250;-2,93;-5;5
2023-12-19 06:19:24.000;1;ST2;id491;warning;2142;1750;2250;-4,75;-5;5
2024-01-10 04:38:51.000;1;ST1;id492;0;2103;1750;2250;-1,1;-5;5
2024-01-10 14:15:24.000;1;ST1;id493;0;2093;1750;2250;-3,13;-5;5
2023-12-19 04:26:49.000;1;ST2;id494;0;2132;1750;2250;-3,76;-5;5
2024-01-05 12:18:39.000;1;ST2;id495;0;2138;1750;2250;-2,74;-5;5
2024-01-10 03:37:55.000;1;ST1;id496;0;2097;1750;2250;-3,28;-5;5
2023-12-19 04:45:14.000;1;ST2;id497;0;2146;1750;2250;-4,15;-5;5
2024-01-10 03:41:47.000;1;ST1;id498;0;2105;1750;2250;-3,33;-5;5
2024-01-05 12:27:49.000;1;ST2;id499;0;2146;1750;2250;-2,91;-5;5
2023-12-19 06:10:46.000;1;ST2;id500;warning;2144;1750;2250;-4,63;-5;5
2024-01-10 02:16:04.000;1;ST1;id501;0;2103;1750;2250;-2,73;-5;5
2024-01-10 03:27:51.000;1;ST1;id502;0;2109;1750;2250;-3,21;-5;5
2024-01-10 06:30:40.000;1;ST1;id503;0;2117;1750;2250;-1,83;-5;5
2023-12-19 06:04:31.000;1;ST2;id504;warning;2144;1750;2250;-4,61;-5;5
2024-01-10 09:24:28.000;1;ST1;id505;0;2105;1750;2250;-2,69;-5;5
2024-01-05 11:05:50.000;1;ST2;id506;0;2141;1750;2250;-2,66;-5;5
2024-01-11 15:18:21.000;1;ST1;id507;0;2108;1750;2250;-3,52;-5;5
2024-01-11 16:30:14.000;1;ST1;id508;warning;2098;1750;2250;-4,01;-5;5
2024-01-11 16:28:18.000;1;ST1;id509;warning;2089;1750;2250;-3,9;-5;5
2024-01-12 08:56:11.000;1;ST2;id510;1;12870,03;1750;2250;-2,11;-5;5
2024-01-11 07:13:40.000;1;ST1;id511;0;2103;1750;2250;-1,76;-5;5
2024-01-11 20:22:10.000;1;ST1;id512;0;2100;1750;2250;-1,59;-5;5
2024-01-12 09:18:40.000;1;ST2;id513;0;2138;1750;2250;-1,81;-5;5
2024-01-13 13:44:09.000;1;ST2;id514;0;2141;1750;2250;-1,97;-5;5
2024-01-14 20:17:40.000;1;ST2;id515;0;2140;1750;2250;-2,3;-5;5
2024-01-11 12:09:34.000;1;ST1;id516;0;2095;1750;2250;-3,16;-5;5
2024-01-11 13:55:38.000;1;ST1;id517;0;2109;1750;2250;-3,52;-5;5
2024-01-11 13:53:44.000;1;ST1;id518;0;2100;1750;2250;-3,46;-5;5
2023-12-19 04:33:06.000;1;ST2;id519;0;2146;1750;2250;-3,88;-5;5
2024-01-10 11:27:32.000;1;ST2;id520;0;2136;1750;2250;-3,57;-5;5
2023-12-19 04:49:27.000;1;ST2;id521;0;2136;1750;2250;-4,24;-5;5
2024-01-05 13:11:03.000;1;ST2;id522;0;2143;1750;2250;-2,91;-5;5
2024-01-05 15:27:24.000;1;ST2;id523;0;2139;1750;2250;-3,04;-5;5
2023-12-19 05:37:53.000;1;ST2;id524;warning;2133;1750;2250;-4,42;-5;5
2024-01-05 09:16:36.000;1;ST2;id525;0;2141;1750;2250;-2,38;-5;5
2024-01-10 10:28:32.000;1;ST1;id526;0;2108;1750;2250;-2,84;-5;5
2024-01-09 14:21:11.000;1;ST2;id527;0;2145;1750;2250;-3,51;-5;5
2024-01-11 04:14:00.000;1;ST1;id528;0;2083;1750;2250;-1,55;-5;5
2024-01-10 05:47:37.000;1;ST1;id529;0;2104;1750;2250;-1,52;-5;5
2024-01-10 06:22:50.000;1;ST1;id530;0;2110;1750;2250;-1,67;-5;5
2024-01-05 13:13:53.000;1;ST2;id531;0;2148;1750;2250;-2,98;-5;5
2024-01-10 04:26:29.000;1;ST1;id532;0;2082;1750;2250;-1,22;-5;5
2024-01-08 08:12:25.000;1;ST2;id533;0;2133;1750;2250;-3,45;-5;5
2024-01-05 12:19:55.000;1;ST2;id534;0;2140;1750;2250;-2,7;-5;5
2024-01-10 06:39:56.000;1;ST1;id535;0;2107;1750;2250;-1,77;-5;5
2024-01-11 12:31:58.000;1;ST1;id536;0;2099;1750;2250;-3,13;-5;5
2024-01-12 11:31:39.000;1;ST1;id537;0;2076;1750;2250;-2,09;-5;5
2024-01-14 18:36:08.000;1;ST1;id538;0;2086;1750;2250;-1,52;-5;5
2024-01-05 12:16:04.000;1;ST2;id539;0;2148;1750;2250;-2,63;-5;5
2024-01-11 10:02:49.000;1;ST1;id540;0;2098;1750;2250;-2,3;-5;5
2024-01-12 08:42:03.000;1;ST2;id541;1;12824,49;1750;2250;-3,55;-5;5
2024-01-12 08:42:55.000;1;ST2;id542;1;12833,43;1750;2250;-3,91;-5;5
2024-01-13 13:46:43.000;1;ST2;id543;0;2144;1750;2250;-2,06;-5;5
2024-01-13 13:44:52.000;1;ST2;id544;0;2137;1750;2250;-2,31;-5;5
2024-01-14 08:57:56.000;1;ST2;id545;0;2143;1750;2250;-2,03;-5;5
2024-01-14 09:30:31.000;1;ST2;id546;0;2140;1750;2250;-2,06;-5;5
2024-01-14 11:42:17.000;1;ST2;id547;0;2141;1750;2250;-2,26;-5;5
2024-01-14 12:01:17.000;1;ST2;id548;0;2153;1750;2250;-2,23;-5;5
2024-01-14 12:03:16.000;1;ST2;id549;0;2137;1750;2250;-2,33;-5;5
2024-01-14 12:05:15.000;1;ST2;id550;0;2141;1750;2250;-2,3;-5;5
2024-01-14 12:39:31.000;1;ST2;id551;0;2137;1750;2250;-2,3;-5;5
2024-01-11 11:14:20.000;1;ST1;id552;0;2101;1750;2250;-2,92;-5;5
2024-01-11 07:37:30.000;1;ST1;id553;0;2111;1750;2250;-1,84;-5;5
2024-01-11 07:34:59.000;1;ST1;id554;0;2102;1750;2250;-1,79;-5;5
2024-01-11 10:12:38.000;1;ST1;id555;0;2101;1750;2250;-2,48;-5;5
2024-01-11 10:09:46.000;1;ST1;id556;0;2093;1750;2250;-2,36;-5;5
2024-01-11 10:11:12.000;1;ST1;id557;0;2102;1750;2250;-2,3;-5;5
2024-01-11 10:13:54.000;1;ST1;id558;0;2105;1750;2250;-2,37;-5;5
2024-01-12 09:30:48.000;1;ST2;id559;0;2136;1750;2250;-1,95;-5;5
2024-01-11 06:55:22.000;1;ST1;id560;0;2105;1750;2250;-1,57;-5;5
2024-01-11 11:20:35.000;1;ST1;id561;0;2097;1750;2250;-2,83;-5;5
2024-01-11 12:41:04.000;1;ST1;id562;0;2098;1750;2250;-3,16;-5;5
2024-01-11 13:49:15.000;1;ST1;id563;0;2095;1750;2250;-3,33;-5;5
2024-01-11 13:51:10.000;1;ST1;id564;0;2099;1750;2250;-3,33;-5;5
2024-01-12 12:22:35.000;1;ST1;id565;0;2070;1750;2250;-2,09;-5;5
2024-01-12 12:52:30.000;1;ST1;id566;0;2086;1750;2250;-2,1;-5;5
2024-01-12 13:54:47.000;1;ST1;id567;0;2076;1750;2250;-2,26;-5;5
2024-01-17 04:41:50.000;1;ST2;id568;0;2150;1750;2250;-2,24;-5;5
2024-01-21 14:10:18.000;1;ST2;id569;0;2143;1750;2250;-2,66;-5;5
2024-01-21 14:08:26.000;1;ST2;id570;0;2141;1750;2250;-2,66;-5;5
2024-01-21 14:06:34.000;1;ST2;id571;0;2136;1750;2250;-2,66;-5;5
2024-01-21 14:04:42.000;1;ST2;id572;0;2148;1750;2250;-2,6;-5;5
2024-01-21 13:48:54.000;1;ST2;id573;0;2130;1750;2250;-2,9;-5;5
2024-01-21 14:23:49.000;1;ST2;id574;0;2141;1750;2250;-2,87;-5;5
2024-01-17 04:33:57.000;1;ST2;id575;0;2140;1750;2250;-2,47;-5;5
2024-01-17 13:02:42.000;1;ST2;id576;0;2139;1750;2250;-2,39;-5;5
2024-01-21 14:12:10.000;1;ST2;id577;0;2150;1750;2250;-2,7;-5;5
2024-01-21 14:14:01.000;1;ST2;id578;0;2138;1750;2250;-2,68;-5;5
2024-01-10 05:28:18.000;1;ST1;id579;0;2103;1750;2250;-1,2;-5;5
2024-01-10 08:49:24.000;1;ST1;id580;0;2110;1750;2250;-2,57;-5;5
2024-01-10 03:33:27.000;1;ST1;id581;0;2104;1750;2250;-3,24;-5;5
2023-12-19 04:50:23.000;1;ST2;id582;0;2137;1750;2250;-4,16;-5;5
2024-01-05 10:58:36.000;1;ST2;id583;0;2138;1750;2250;-2,61;-5;5
2024-01-10 03:18:19.000;1;ST1;id584;0;2110;1750;2250;-3,13;-5;5
2024-01-10 05:34:06.000;1;ST1;id585;0;2099;1750;2250;-1,33;-5;5
2024-01-08 08:21:52.000;1;ST2;id586;0;2139;1750;2250;-3,46;-5;5
2024-01-10 06:56:10.000;1;ST1;id587;0;2105;1750;2250;-2,06;-5;5
2023-10-25 10:34:41.000;1;ST3;id588;0;2130;1750;2250;-4,21;-5;5
2023-12-19 09:20:07.000;1;ST2;id589;1;2135;1750;2250;-4,85;-5;5
2024-01-10 05:39:38.000;1;ST1;id590;0;2104;1750;2250;-1,46;-5;5
2024-01-10 02:22:46.000;1;ST1;id591;0;2102;1750;2250;-2,82;-5;5
2023-12-19 09:47:20.000;1;ST2;id592;0;2118;1750;2250;-2,14;-5;5
2023-12-19 04:58:11.000;1;ST2;id593;0;2139;1750;2250;-4,21;-5;5
2023-11-22 04:13:28.000;1;ST1;id594;0;2103;1750;2250;-1,31;-5;5
2023-10-25 11:03:06.000;1;ST3;id595;0;2119;1750;2250;-3,96;-5;5
2024-01-10 07:36:07.000;1;ST1;id596;0;2104;1750;2250;-2,38;-5;5
2024-01-10 06:44:51.000;1;ST1;id597;0;2101;1750;2250;-1,85;-5;5
2023-12-19 05:47:12.000;1;ST2;id598;warning;2138;1750;2250;-4,62;-5;5
2023-11-22 16:03:13.000;1;ST1;id599;0;2114;1750;2250;-2,2;-5;5
2023-10-25 09:33:09.000;1;ST1;id600;0;2111;1750;2250;-2,27;-5;5
2023-11-22 19:15:49.000;1;ST1;id601;0;2098;1750;2250;-2,29;-5;5
2023-10-25 09:28:45.000;1;ST1;id602;0;2122;1750;2250;-2,26;-5;5
2023-10-25 11:50:24.000;1;ST1;id603;0;2110;1750;2250;-2,38;-5;5
2023-10-25 11:51:39.000;1;ST1;id604;0;2114;1750;2250;-2,47;-5;5
2023-10-25 12:38:14.000;1;ST3;id605;0;2118;1750;2250;-3,22;-5;5
2023-10-25 12:38:07.000;1;ST1;id606;0;2128;1750;2250;-2,55;-5;5
2023-11-22 18:46:15.000;1;ST1;id607;0;2102;1750;2250;-2,27;-5;5
2023-11-22 06:40:24.000;1;ST1;id608;0;2103;1750;2250;-1,39;-5;5
2023-10-25 12:48:32.000;1;ST1;id609;0;2119;1750;2250;-2,49;-5;5
2023-11-22 06:42:10.000;1;ST1;id610;0;2097;1750;2250;-1,37;-5;5
2023-10-25 09:10:04.000;1;ST3;id611;0;2119;1750;2250;-3,8;-5;5
2023-10-25 09:15:56.000;1;ST1;id612;0;2104;1750;2250;-2,32;-5;5
2023-10-25 10:30:25.000;1;ST1;id613;0;2117;1750;2250;-2,37;-5;5
2023-11-22 20:41:19.000;1;ST1;id614;0;2112;1750;2250;-2,53;-5;5
2023-11-22 04:17:03.000;1;ST1;id615;0;2105;1750;2250;-1,26;-5;5
2023-10-25 10:35:38.000;1;ST3;id616;0;2134;1750;2250;-4,13;-5;5
2023-10-25 10:36:39.000;1;ST3;id617;0;2131;1750;2250;-4,22;-5;5
2023-11-22 04:16:06.000;1;ST1;id618;0;2102;1750;2250;-1,27;-5;5
2023-10-25 08:59:15.000;1;ST3;id619;0;2127;1750;2250;-3,86;-5;5
2023-12-19 04:22:39.000;1;ST2;id620;0;2137;1750;2250;-3,79;-5;5
2023-10-25 09:02:11.000;1;ST3;id621;0;2132;1750;2250;-3,87;-5;5
2023-11-23 14:54:36.000;1;ST1;id622;0;2098;1750;2250;-1,66;-5;5
2023-10-25 10:07:33.000;1;ST1;id623;0;2124;1750;2250;-2,35;-5;5
2023-10-25 13:12:36.000;1;ST1;id624;0;2111;1750;2250;-2,79;-5;5
2023-11-22 05:44:56.000;1;ST1;id625;0;2104;1750;2250;-1,31;-5;5
2023-10-25 13:09:49.000;1;ST1;id626;0;2132;1750;2250;-2,72;-5;5
2023-10-25 13:13:30.000;1;ST1;id627;0;2120;1750;2250;-2,68;-5;5
2023-10-25 13:10:46.000;1;ST1;id628;0;2124;1750;2250;-2,7;-5;5
2023-11-22 06:02:51.000;1;ST1;id629;0;2101;1750;2250;-1,4;-5;5
2023-10-25 13:08:55.000;1;ST1;id630;0;2118;1750;2250;-2,68;-5;5
2023-11-22 18:34:44.000;1;ST1;id631;0;2093;1750;2250;-2,23;-5;5
2023-10-25 11:59:34.000;1;ST3;id632;0;2123;1750;2250;-4,23;-5;5
2024-01-05 11:45:13.000;1;ST2;id633;0;2145;1750;2250;-2,74;-5;5
2024-01-10 02:25:08.000;1;ST1;id634;0;2103;1750;2250;-2,85;-5;5
2023-10-25 11:56:41.000;1;ST3;id635;0;2130;1750;2250;-4,22;-5;5
2023-11-22 05:44:00.000;1;ST1;id636;0;2101;1750;2250;-1,29;-5;5
2023-11-22 06:25:54.000;1;ST1;id637;0;2107;1750;2250;-1,4;-5;5
2023-11-22 06:52:31.000;1;ST1;id638;0;2102;1750;2250;-1,4;-5;5
2023-11-22 07:03:03.000;1;ST1;id639;0;2107;1750;2250;-1,42;-5;5
2023-10-25 12:03:05.000;1;ST3;id640;0;2126;1750;2250;-4,29;-5;5
2023-10-25 12:02:52.000;1;ST1;id641;0;2116;1750;2250;-2,46;-5;5
2023-11-21 12:04:02.000;1;ST1;id642;0;2113;1750;2250;-2,64;-5;5
2023-11-21 12:14:12.000;1;ST1;id643;0;2111;1750;2250;-2,66;-5;5
2023-11-21 12:55:34.000;1;ST1;id644;0;2100;1750;2250;-2,76;-5;5
2023-11-21 12:56:55.000;1;ST1;id645;0;2103;1750;2250;-2,79;-5;5
2023-11-21 14:03:28.000;1;ST1;id646;0;2111;1750;2250;-2,79;-5;5
2023-11-21 16:17:38.000;1;ST1;id647;0;2098;1750;2250;-2,82;-5;5
2023-10-24 15:00:18.000;1;ST1;id648;0;2118;1750;2250;-2,16;-5;5
2023-10-24 13:39:52.000;1;ST1;id649;0;2117;1750;2250;-2,1;-5;5
2023-10-24 19:36:11.000;1;ST1;id650;0;2119;1750;2250;-1,6;-5;5
2023-10-25 03:57:12.000;1;ST1;id651;0;2132;1750;2250;-1,6;-5;5
2023-10-25 03:49:30.000;1;ST1;id652;0;2128;1750;2250;-1,61;-5;5
2023-10-25 03:47:51.000;1;ST1;id653;0;2125;1750;2250;-1,65;-5;5
2023-10-24 14:46:48.000;1;ST1;id654;0;2114;1750;2250;-2,19;-5;5
2023-10-24 14:16:01.000;1;ST1;id655;0;2108;1750;2250;-2,15;-5;5
2023-10-24 17:32:06.000;1;ST1;id656;0;2122;1750;2250;-2,38;-5;5
2023-10-24 14:55:58.000;1;ST1;id657;0;2114;1750;2250;-2,15;-5;5
2023-10-25 03:59:13.000;1;ST1;id658;0;2112;1750;2250;-1,63;-5;5
2023-10-24 18:09:35.000;1;ST1;id659;0;2109;1750;2250;-1,4;-5;5
2023-10-24 18:35:56.000;1;ST1;id660;0;2126;1750;2250;-1,48;-5;5
2024-01-10 06:01:15.000;1;ST1;id661;0;2116;1750;2250;-1,59;-5;5
2024-01-10 03:30:57.000;1;ST1;id662;0;2101;1750;2250;-3,18;-5;5
2024-01-10 08:51:18.000;1;ST1;id663;0;2100;1750;2250;-2,7;-5;5
2024-01-10 05:32:51.000;1;ST1;id664;0;2114;1750;2250;-1,37;-5;5
2024-01-10 04:17:58.000;1;ST1;id665;0;2100;1750;2250;-3,46;-5;5
2023-12-19 05:36:57.000;1;ST2;id666;warning;2144;1750;2250;-4,45;-5;5
2024-01-10 01:11:59.000;1;ST1;id667;0;2098;1750;2250;-2,43;-5;5
2024-01-10 04:45:07.000;1;ST1;id668;0;2100;1750;2250;-1,17;-5;5
2024-01-05 09:47:26.000;1;ST2;id669;0;2142;1750;2250;-2,41;-5;5
2024-01-04 11:45:24.000;1;ST2;id670;0;2149;1750;2250;-2,21;-5;5
2024-01-11 15:59:29.000;1;ST1;id671;0;2109;1750;2250;-3,57;-5;5
2024-01-11 16:02:24.000;1;ST1;id672;warning;2097;1750;2250;-3,71;-5;5
2024-01-11 15:58:13.000;1;ST1;id673;warning;2109;1750;2250;-3,74;-5;5
2024-01-11 16:11:12.000;1;ST1;id674;warning;2099;1750;2250;-3,8;-5;5
2024-01-12 08:21:48.000;1;ST1;id675;0;2066;1750;2250;-2,14;-5;5
2024-01-12 08:23:45.000;1;ST1;id676;0;2074;1750;2250;-2,14;-5;5
2024-01-13 07:45:46.000;1;ST1;id677;0;2081;1750;2250;-2,95;-5;5
2024-01-13 07:45:12.000;1;ST1;id678;0;2078;1750;2250;-2,37;-5;5
2024-01-14 13:44:55.000;1;ST2;id679;0;2136;1750;2250;-2,38;-5;5
2024-01-14 17:26:42.000;1;ST1;id680;0;2066;1750;2250;-1,59;-5;5
2024-01-11 06:31:39.000;1;ST1;id681;0;2097;1750;2250;-1,5;-5;5
2024-01-11 07:12:09.000;1;ST1;id682;0;2101;1750;2250;-1,62;-5;5
2024-01-11 08:06:11.000;1;ST1;id683;0;2101;1750;2250;-1,95;-5;5
2024-01-12 13:53:09.000;1;ST1;id684;0;2087;1750;2250;-2,19;-5;5
2024-01-11 15:13:07.000;1;ST1;id685;0;2097;1750;2250;-3,45;-5;5
2024-01-11 16:52:44.000;1;ST1;id686;0;2084;1750;2250;-1,55;-5;5
2024-01-12 09:09:41.000;1;ST2;id687;0;2130;1750;2250;-2,09;-5;5
2024-01-12 09:15:57.000;1;ST2;id688;0;2139;1750;2250;-2,01;-5;5
2024-01-12 09:15:34.000;1;ST2;id689;0;2141;1750;2250;-1,59;-5;5
2024-01-12 09:15:12.000;1;ST2;id690;0;2126;1750;2250;-2,1;-5;5
2024-01-12 11:28:56.000;1;ST1;id691;0;2081;1750;2250;-2,01;-5;5
2024-01-12 11:30:46.000;1;ST1;id692;0;2089;1750;2250;-1,99;-5;5
2024-01-12 11:29:50.000;1;ST1;id693;0;2093;1750;2250;-2,03;-5;5
2024-01-12 11:27:03.000;1;ST1;id694;0;2065;1750;2250;-2,24;-5;5
2024-01-12 12:54:04.000;1;ST1;id695;0;2077;1750;2250;-2,19;-5;5
2024-01-12 12:55:38.000;1;ST1;id696;0;2079;1750;2250;-2,2;-5;5
2024-01-14 11:24:07.000;1;ST2;id697;0;2142;1750;2250;-2,06;-5;5
2024-01-14 11:35:17.000;1;ST2;id698;0;2138;1750;2250;-2,1;-5;5
2024-01-11 09:53:11.000;1;ST1;id699;0;2104;1750;2250;-2,13;-5;5
2024-01-11 09:51:55.000;1;ST1;id700;0;2098;1750;2250;-2,06;-5;5
2024-01-11 09:54:31.000;1;ST1;id701;0;2103;1750;2250;-2,18;-5;5
2024-01-11 10:42:16.000;1;ST1;id702;0;2103;1750;2250;-2,66;-5;5
2024-01-11 10:41:00.000;1;ST1;id703;0;2098;1750;2250;-2,73;-5;5
2024-01-11 16:13:08.000;1;ST1;id704;warning;2100;1750;2250;-3,85;-5;5
2024-01-11 16:09:16.000;1;ST1;id705;warning;2091;1750;2250;-3,77;-5;5
2024-01-15 06:26:28.000;1;ST2;id706;0;2142;1750;2250;-2,54;-5;5
2024-01-11 06:52:28.000;1;ST1;id707;0;2104;1750;2250;-1,59;-5;5
2024-01-11 06:50:20.000;1;ST1;id708;0;2106;1750;2250;-1,58;-5;5
2024-01-11 07:00:07.000;1;ST1;id709;0;2097;1750;2250;-1,7;-5;5
2024-01-11 08:00:21.000;1;ST1;id710;0;2097;1750;2250;-1,85;-5;5
2024-01-11 12:10:50.000;1;ST1;id711;0;2102;1750;2250;-3,06;-5;5
2024-01-11 13:48:00.000;1;ST1;id712;0;2107;1750;2250;-3,38;-5;5
2024-01-12 08:58:39.000;1;ST2;id713;1;12873,76;1750;2250;-2,12;-5;5
2024-01-12 08:59:11.000;1;ST2;id714;1;12866,68;1750;2250;-2,05;-5;5
2024-01-12 09:02:50.000;1;ST2;id715;1;12744,27;1750;2250;-2,06;-5;5
2024-01-12 09:03:41.000;1;ST2;id716;1;12811;1750;2250;-2,09;-5;5
2024-01-12 15:30:18.000;1;ST1;id717;0;2069;1750;2250;-2,48;-5;5
2024-01-12 15:29:05.000;1;ST1;id718;0;2077;1750;2250;-2,33;-5;5
2024-01-11 09:49:20.000;1;ST1;id719;0;2110;1750;2250;-2,04;-5;5
2024-01-11 09:50:36.000;1;ST1;id720;0;2111;1750;2250;-2,08;-5;5
2024-01-11 15:56:19.000;1;ST1;id721;warning;2099;1750;2250;-3,72;-5;5
2024-01-11 16:43:58.000;1;ST1;id722;1;2098;1750;2250;-4,15;-5;5
2024-01-12 12:48:32.000;1;ST1;id723;0;2080;1750;2250;-2,08;-5;5
2024-01-11 10:35:11.000;1;ST1;id724;0;2101;1750;2250;-2,56;-5;5
2024-01-11 11:03:15.000;1;ST1;id725;0;2100;1750;2250;-2,84;-5;5
2024-01-11 11:06:14.000;1;ST1;id726;0;2110;1750;2250;-2,9;-5;5
2024-01-11 11:04:31.000;1;ST1;id727;0;2105;1750;2250;-2,75;-5;5
2024-01-11 12:06:45.000;1;ST1;id728;0;2110;1750;2250;-3,04;-5;5
2024-01-13 12:17:33.000;1;ST2;id729;0;2143;1750;2250;-1,89;-5;5
2024-01-13 12:18:02.000;1;ST2;id730;0;2144;1750;2250;-2,18;-5;5
2024-01-14 11:39:01.000;1;ST2;id731;0;2151;1750;2250;-2,19;-5;5
2024-01-14 11:37:09.000;1;ST2;id732;0;2139;1750;2250;-2,17;-5;5
2024-01-11 06:19:18.000;1;ST1;id733;0;2109;1750;2250;-1,46;-5;5
2024-01-11 10:37:46.000;1;ST1;id734;0;2111;1750;2250;-2,67;-5;5
2024-01-11 10:36:27.000;1;ST1;id735;0;2115;1750;2250;-2,51;-5;5
2024-01-14 17:27:46.000;1;ST1;id736;0;2069;1750;2250;-1,65;-5;5
2023-10-25 14:25:18.000;1;ST1;id737;0;2119;1750;2250;-3,03;-5;5
2023-10-25 14:34:27.000;1;ST3;id738;0;2126;1750;2250;-3,39;-5;5
2023-10-25 14:32:24.000;1;ST3;id739;0;2123;1750;2250;-3,37;-5;5
2023-10-25 14:33:25.000;1;ST3;id740;0;2127;1750;2250;-3,29;-5;5
2023-10-25 14:46:31.000;1;ST3;id741;0;2126;1750;2250;-3,38;-5;5
2023-10-25 15:02:34.000;1;ST1;id742;0;2124;1750;2250;-1,42;-5;5
2023-10-25 15:09:23.000;1;ST3;id743;0;2102;1750;2250;-3,11;-5;5
2023-10-25 15:03:31.000;1;ST1;id744;0;2129;1750;2250;-1,49;-5;5
2023-10-25 15:05:22.000;1;ST1;id745;0;2125;1750;2250;-1,47;-5;5
2023-10-25 15:07:12.000;1;ST1;id746;0;2117;1750;2250;-1,55;-5;5
2023-10-25 15:11:45.000;1;ST3;id747;0;2118;1750;2250;-3,06;-5;5
2023-10-25 15:12:27.000;1;ST1;id748;0;2128;1750;2250;-1,49;-5;5
2023-10-25 15:10:34.000;1;ST1;id749;0;2116;1750;2250;-1,55;-5;5
2023-10-25 15:52:29.000;1;ST3;id750;0;2133;1750;2250;-3,07;-5;5
2023-10-25 15:53:28.000;1;ST3;id751;0;2132;1750;2250;-3,11;-5;5
2023-10-25 15:54:29.000;1;ST3;id752;0;2118;1750;2250;-3,1;-5;5
2023-10-25 15:51:28.000;1;ST3;id753;0;2129;1750;2250;-3,08;-5;5
2023-10-25 15:58:54.000;1;ST3;id754;0;2135;1750;2250;-3,12;-5;5
2023-10-25 15:59:58.000;1;ST3;id755;0;2133;1750;2250;-3,09;-5;5
2023-10-25 15:54:51.000;1;ST1;id756;0;2106;1750;2250;-1,63;-5;5
2023-10-25 14:31:23.000;1;ST1;id757;0;2113;1750;2250;-3,04;-5;5
2023-10-25 15:14:48.000;1;ST3;id758;0;2128;1750;2250;-3,01;-5;5
2023-10-25 15:57:34.000;1;ST1;id759;0;2113;1750;2250;-1,67;-5;5
2023-10-25 16:05:23.000;1;ST3;id760;0;2128;1750;2250;-3,12;-5;5
2023-10-25 16:13:16.000;1;ST3;id761;0;2133;1750;2250;-3,13;-5;5
2023-10-25 16:09:17.000;1;ST1;id762;0;2117;1750;2250;-1,76;-5;5
2023-10-25 16:12:43.000;1;ST1;id763;0;2120;1750;2250;-1,73;-5;5
2023-10-25 16:17:36.000;1;ST3;id764;0;2121;1750;2250;-3,16;-5;5
2023-10-25 16:15:48.000;1;ST3;id765;0;2114;1750;2250;-3,17;-5;5
2023-10-25 16:20:16.000;1;ST3;id766;0;2129;1750;2250;-3,2;-5;5
2023-10-25 16:21:54.000;1;ST1;id767;0;2121;1750;2250;-1,54;-5;5
2023-10-25 16:23:26.000;1;ST1;id768;0;2110;1750;2250;-1,57;-5;5
2023-10-25 16:18:50.000;1;ST1;id769;0;2116;1750;2250;-1,8;-5;5
2023-10-25 16:24:59.000;1;ST1;id770;0;2112;1750;2250;-1,56;-5;5
2023-10-25 16:32:44.000;1;ST3;id771;0;2121;1750;2250;-3,16;-5;5
2023-10-25 16:59:08.000;1;ST1;id772;0;2118;1750;2250;-1,63;-5;5
2023-10-25 17:04:04.000;1;ST1;id773;0;2114;1750;2250;-1,62;-5;5
2023-10-25 17:17:25.000;1;ST1;id774;0;2133;1750;2250;-1,78;-5;5
2023-10-25 17:19:16.000;1;ST1;id775;0;2128;1750;2250;-1,81;-5;5
2023-10-25 17:22:04.000;1;ST1;id776;0;2114;1750;2250;-1,85;-5;5
2023-10-25 14:50:48.000;1;ST3;id777;0;2131;1750;2250;-3,38;-5;5
2023-10-25 15:06:15.000;1;ST1;id778;0;2116;1750;2250;-1,5;-5;5
2023-10-25 15:08:05.000;1;ST1;id779;0;2123;1750;2250;-1,59;-5;5
2023-10-25 15:19:36.000;1;ST3;id780;0;2125;1750;2250;-3,11;-5;5
2023-10-25 15:16:37.000;1;ST3;id781;0;2132;1750;2250;-3,04;-5;5
2023-10-25 15:14:19.000;1;ST1;id782;0;2110;1750;2250;-1,55;-5;5
2023-10-25 15:57:49.000;1;ST3;id783;0;2122;1750;2250;-3,12;-5;5
2023-10-25 16:07:58.000;1;ST1;id784;0;2117;1750;2250;-1,64;-5;5
2023-10-25 16:43:33.000;1;ST3;id785;0;2114;1750;2250;-3,22;-5;5
2023-10-25 16:39:13.000;1;ST1;id786;0;2127;1750;2250;-1,59;-5;5
2023-10-25 17:15:13.000;1;ST1;id787;0;2120;1750;2250;-1,71;-5;5
2023-10-25 17:16:32.000;1;ST1;id788;0;2116;1750;2250;-1,75;-5;5
2023-10-25 17:21:34.000;1;ST3;id789;0;2120;1750;2250;-3,16;-5;5
2023-10-25 17:20:13.000;1;ST1;id790;0;2108;1750;2250;-1,81;-5;5
2023-10-25 17:22:57.000;1;ST1;id791;0;2121;1750;2250;-1,82;-5;5
2023-10-25 17:26:46.000;1;ST3;id792;0;2116;1750;2250;-3,22;-5;5
2023-10-25 17:25:45.000;1;ST1;id793;0;2128;1750;2250;-1,87;-5;5
2023-10-25 17:24:48.000;1;ST1;id794;0;2122;1750;2250;-1,79;-5;5
2023-10-25 17:23:54.000;1;ST1;id795;0;2115;1750;2250;-1,83;-5;5
2023-10-25 17:34:29.000;1;ST3;id796;0;2119;1750;2250;-3,2;-5;5
2023-10-25 14:54:52.000;1;ST3;id797;0;2131;1750;2250;-3,45;-5;5
2023-10-25 15:02:43.000;1;ST3;id798;0;2130;1750;2250;-3,45;-5;5
2023-10-25 15:01:02.000;1;ST3;id799;0;2126;1750;2250;-3,38;-5;5
2023-10-25 15:04:24.000;1;ST1;id800;0;2130;1750;2250;-1,47;-5;5
2023-10-25 15:13:49.000;1;ST3;id801;0;2124;1750;2250;-2,96;-5;5
2023-10-25 15:09:03.000;1;ST1;id802;0;2118;1750;2250;-1,62;-5;5
2023-10-25 17:13:22.000;1;ST1;id803;0;2117;1750;2250;-1,76;-5;5
2023-10-25 17:31:43.000;1;ST3;id804;0;2103;1750;2250;-3,4;-5;5
2023-10-25 17:32:40.000;1;ST1;id805;0;2116;1750;2250;-1,89;-5;5
2023-10-25 17:39:29.000;1;ST3;id806;0;2132;1750;2250;-3,19;-5;5
2023-10-25 17:38:29.000;1;ST3;id807;0;2134;1750;2250;-3,19;-5;5
2023-10-25 17:37:31.000;1;ST3;id808;0;2125;1750;2250;-3,2;-5;5
2023-10-25 17:35:24.000;1;ST1;id809;0;2130;1750;2250;-1,92;-5;5
2023-10-25 17:38:12.000;1;ST1;id810;0;2112;1750;2250;-1,85;-5;5
2023-10-25 17:34:31.000;1;ST1;id811;0;2125;1750;2250;-1,91;-5;5
2023-10-25 17:36:21.000;1;ST1;id812;0;2125;1750;2250;-1,86;-5;5
2023-10-25 17:37:15.000;1;ST1;id813;0;2121;1750;2250;-1,94;-5;5
2023-10-25 17:41:53.000;1;ST1;id814;0;2117;1750;2250;-1,96;-5;5
2023-10-25 17:39:05.000;1;ST1;id815;0;2119;1750;2250;-1,98;-5;5
2023-10-25 17:40:56.000;1;ST1;id816;0;2121;1750;2250;-1,92;-5;5
2023-10-25 14:49:30.000;1;ST1;id817;0;2115;1750;2250;-3,54;-5;5
2023-10-25 15:12:43.000;1;ST3;id818;0;2123;1750;2250;-3,04;-5;5
2023-10-25 15:17:38.000;1;ST3;id819;0;2132;1750;2250;-3,05;-5;5
2023-10-25 15:18:35.000;1;ST3;id820;0;2119;1750;2250;-3,09;-5;5
2023-10-25 15:47:33.000;1;ST1;id821;0;2111;1750;2250;-1,64;-5;5
2023-10-25 16:00:00.000;1;ST1;id822;0;2123;1750;2250;-1,66;-5;5
2023-10-25 15:59:07.000;1;ST1;id823;0;2116;1750;2250;-1,66;-5;5
2023-10-25 16:45:28.000;1;ST3;id824;0;2120;1750;2250;-3,33;-5;5
2023-10-25 17:14:19.000;1;ST1;id825;0;2115;1750;2250;-1,78;-5;5
2023-10-25 17:26:38.000;1;ST1;id826;0;2130;1750;2250;-1,81;-5;5
2023-10-25 17:40:03.000;1;ST1;id827;0;2114;1750;2250;-1,92;-5;5
2023-10-25 17:42:47.000;1;ST1;id828;0;2130;1750;2250;-1,92;-5;5
2023-10-25 17:48:18.000;1;ST1;id829;0;2120;1750;2250;-2,07;-5;5
2023-10-25 17:46:28.000;1;ST1;id830;0;2118;1750;2250;-1,99;-5;5
2023-10-25 17:44:37.000;1;ST1;id831;0;2128;1750;2250;-2;-5;5
2023-10-25 17:50:09.000;1;ST1;id832;0;2122;1750;2250;-2,1;-5;5
2023-10-25 17:51:59.000;1;ST1;id833;0;2130;1750;2250;-2,08;-5;5
2023-10-25 17:51:06.000;1;ST1;id834;0;2125;1750;2250;-2,07;-5;5
2023-10-25 17:49:16.000;1;ST1;id835;0;2116;1750;2250;-2,09;-5;5
2023-10-25 17:55:17.000;1;ST1;id836;0;2115;1750;2250;-2,1;-5;5
2023-10-25 15:01:41.000;1;ST1;id837;0;2115;1750;2250;-1,5;-5;5
2023-10-25 16:01:47.000;1;ST3;id838;0;2116;1750;2250;-3,06;-5;5
2023-10-25 16:03:41.000;1;ST3;id839;0;2123;1750;2250;-3,14;-5;5
2023-10-25 16:08:34.000;1;ST3;id840;0;2106;1750;2250;-3,12;-5;5
2023-10-25 16:12:15.000;1;ST3;id841;0;2127;1750;2250;-3,17;-5;5
2023-10-25 17:01:40.000;1;ST1;id842;0;2123;1750;2250;-1,58;-5;5
2023-10-25 17:07:30.000;1;ST1;id843;0;2118;1750;2250;-1,68;-5;5
2023-10-25 17:57:18.000;1;ST1;id844;0;2121;1750;2250;-2,15;-5;5
2023-10-25 18:03:19.000;1;ST1;id845;0;2114;1750;2250;-2,16;-5;5
2023-10-25 18:01:26.000;1;ST1;id846;0;2124;1750;2250;-2,16;-5;5
2023-10-25 17:59:42.000;1;ST1;id847;0;2129;1750;2250;-2,18;-5;5
2023-10-25 18:09:32.000;1;ST3;id848;0;2118;1750;2250;-3,24;-5;5
2023-10-25 18:08:34.000;1;ST1;id849;0;2126;1750;2250;-2,23;-5;5
2023-10-25 18:19:21.000;1;ST1;id850;0;2122;1750;2250;-2,22;-5;5
2023-10-25 18:23:02.000;1;ST1;id851;0;2119;1750;2250;-2,23;-5;5
2023-10-25 18:21:11.000;1;ST1;id852;0;2115;1750;2250;-2,32;-5;5
2023-10-25 18:30:57.000;1;ST1;id853;0;2116;1750;2250;-2,4;-5;5
2023-10-25 18:32:48.000;1;ST1;id854;0;2118;1750;2250;-2,35;-5;5
2023-10-25 18:36:29.000;1;ST1;id855;0;2122;1750;2250;-2,42;-5;5
2023-10-25 19:06:38.000;1;ST3;id856;0;2115;1750;2250;-3,29;-5;5
2023-10-25 16:17:18.000;1;ST1;id857;0;2113;1750;2250;-1,71;-5;5
2023-10-25 16:20:22.000;1;ST1;id858;0;2126;1750;2250;-1,78;-5;5
2023-10-25 16:25:41.000;1;ST3;id859;0;2120;1750;2250;-3,18;-5;5
2023-10-25 16:26:31.000;1;ST1;id860;0;2114;1750;2250;-1,61;-5;5
2023-10-25 16:37:13.000;1;ST3;id861;0;2116;1750;2250;-3,12;-5;5
2023-10-25 17:09:57.000;1;ST1;id862;0;2129;1750;2250;-1,67;-5;5
2023-10-25 17:09:03.000;1;ST1;id863;0;2123;1750;2250;-1,75;-5;5
2023-10-25 17:10:54.000;1;ST1;id864;0;2123;1750;2250;-1,69;-5;5
2023-10-25 17:11:47.000;1;ST1;id865;0;2112;1750;2250;-1,67;-5;5
2023-10-25 17:18:23.000;1;ST1;id866;0;2124;1750;2250;-1,78;-5;5
2023-10-25 17:32:07.000;1;ST3;id867;0;2126;1750;2250;-3,16;-5;5
2023-10-25 17:31:43.000;1;ST1;id868;0;2119;1750;2250;-1,75;-5;5
2023-10-25 17:30:50.000;1;ST1;id869;0;2110;1750;2250;-1,89;-5;5
2023-10-25 17:33:34.000;1;ST1;id870;0;2121;1750;2250;-1,87;-5;5
2023-10-25 17:47:25.000;1;ST1;id871;0;2115;1750;2250;-2,05;-5;5
2023-10-25 18:00:11.000;1;ST3;id872;0;2127;1750;2250;-3,26;-5;5
2023-10-25 18:04:18.000;1;ST3;id873;0;2120;1750;2250;-3,3;-5;5
2023-10-25 18:02:13.000;1;ST3;id874;0;2116;1750;2250;-3,18;-5;5
2023-10-25 18:07:45.000;1;ST3;id875;0;2127;1750;2250;-3,24;-5;5
2023-10-25 18:06:02.000;1;ST3;id876;0;2130;1750;2250;-3,28;-5;5
2023-10-25 17:21:07.000;1;ST1;id877;0;2118;1750;2250;-1,82;-5;5
2023-10-25 17:52:57.000;1;ST1;id878;0;2122;1750;2250;-2,15;-5;5
2023-10-25 18:05:32.000;1;ST1;id879;0;2120;1750;2250;-2,19;-5;5
2023-10-25 18:06:44.000;1;ST1;id880;0;2116;1750;2250;-2,24;-5;5
2023-10-25 18:07:37.000;1;ST1;id881;0;2122;1750;2250;-2,2;-5;5
2023-10-25 18:20:18.000;1;ST1;id882;0;2120;1750;2250;-2,29;-5;5
2023-10-25 18:22:09.000;1;ST1;id883;0;2114;1750;2250;-2,3;-5;5
2023-10-25 19:21:28.000;1;ST3;id884;0;2118;1750;2250;-3,33;-5;5
2023-10-25 19:36:26.000;1;ST1;id885;0;2120;1750;2250;-2,47;-5;5
2023-10-25 19:41:29.000;1;ST1;id886;0;2122;1750;2250;-2,42;-5;5
2023-10-25 19:42:26.000;1;ST1;id887;0;2116;1750;2250;-2,49;-5;5
2023-10-25 19:43:19.000;1;ST1;id888;0;2122;1750;2250;-2,44;-5;5
2023-10-25 19:51:52.000;1;ST3;id889;0;2121;1750;2250;-3,35;-5;5
2023-10-26 03:04:36.000;1;ST3;id890;0;2121;1750;2250;-3,39;-5;5
2023-10-26 03:03:22.000;1;ST1;id891;0;2117;1750;2250;-2,5;-5;5
2023-10-26 03:01:25.000;1;ST1;id892;0;2114;1750;2250;-2,57;-5;5
2023-10-26 03:08:36.000;1;ST3;id893;0;2128;1750;2250;-3,39;-5;5
2023-10-26 03:07:38.000;1;ST3;id894;0;2131;1750;2250;-3,47;-5;5
2023-10-26 03:05:36.000;1;ST3;id895;0;2132;1750;2250;-3,38;-5;5
2023-10-26 03:06:34.000;1;ST3;id896;0;2135;1750;2250;-3,39;-5;5
2023-10-25 07:15:08.000;1;ST3;id897;0;2127;1750;2250;-3,48;-5;5
2023-10-25 07:44:39.000;1;ST1;id898;0;2119;1750;2250;-2,17;-5;5
2023-10-25 07:57:16.000;1;ST1;id899;0;2116;1750;2250;-2,12;-5;5
2023-10-25 07:59:06.000;1;ST1;id900;0;2124;1750;2250;-2,16;-5;5
2023-10-25 08:20:08.000;1;ST3;id901;0;2137;1750;2250;-3,58;-5;5
2023-10-25 08:20:57.000;1;ST1;id902;0;2129;1750;2250;-2,16;-5;5
2023-10-25 08:29:43.000;1;ST3;id903;0;2119;1750;2250;-3,65;-5;5
2023-10-25 08:25:46.000;1;ST3;id904;0;2119;1750;2250;-3,6;-5;5
2023-10-25 08:33:14.000;1;ST3;id905;0;2125;1750;2250;-3,67;-5;5
2023-10-25 08:34:15.000;1;ST3;id906;0;2134;1750;2250;-3,65;-5;5
2023-10-25 09:22:21.000;1;ST3;id907;0;2126;1750;2250;-3,98;-5;5
2023-10-25 09:43:38.000;1;ST3;id908;0;2130;1750;2250;-3,99;-5;5
2023-10-25 09:46:34.000;1;ST3;id909;0;2126;1750;2250;-4,07;-5;5
2023-10-25 10:10:55.000;1;ST1;id910;0;2111;1750;2250;-2,37;-5;5
2023-10-25 10:09:24.000;1;ST1;id911;0;2124;1750;2250;-2,39;-5;5
2023-10-25 10:27:26.000;1;ST3;id912;0;2125;1750;2250;-4,21;-5;5
2023-10-25 10:28:40.000;1;ST3;id913;0;2131;1750;2250;-4,19;-5;5
2023-10-25 10:25:27.000;1;ST3;id914;0;2121;1750;2250;-4,16;-5;5
2023-10-25 10:29:37.000;1;ST3;id915;0;2132;1750;2250;-4,09;-5;5
2023-10-25 10:26:28.000;1;ST3;id916;0;2124;1750;2250;-4,23;-5;5
2023-10-25 07:58:13.000;1;ST1;id917;0;2116;1750;2250;-2,17;-5;5
2023-10-25 08:23:04.000;1;ST3;id918;0;2120;1750;2250;-3,51;-5;5
2023-10-25 08:24:45.000;1;ST3;id919;0;2124;1750;2250;-3,57;-5;5
2023-10-25 08:22:06.000;1;ST3;id920;0;2132;1750;2250;-3,54;-5;5
2023-10-25 08:39:55.000;1;ST3;id921;0;2131;1750;2250;-3,71;-5;5
2023-10-25 08:36:56.000;1;ST3;id922;0;2123;1750;2250;-3,61;-5;5
2023-10-25 08:35:59.000;1;ST3;id923;0;2128;1750;2250;-3,65;-5;5
2023-10-25 08:38:54.000;1;ST3;id924;0;2126;1750;2250;-3,67;-5;5
2023-10-25 08:51:30.000;1;ST3;id925;0;2111;1750;2250;-3,8;-5;5
2023-10-25 09:57:59.000;1;ST1;id926;0;2123;1750;2250;-2,25;-5;5
2023-10-25 09:55:15.000;1;ST1;id927;0;2112;1750;2250;-2,33;-5;5
2023-10-25 10:12:46.000;1;ST1;id928;0;2116;1750;2250;-2,42;-5;5
2023-10-25 11:04:43.000;1;ST3;id929;0;2102;1750;2250;-4,3;-5;5
2023-10-25 11:54:42.000;1;ST3;id930;0;2128;1750;2250;-4,22;-5;5
2023-10-25 12:08:27.000;1;ST3;id931;0;2130;1750;2250;-3,06;-5;5
2023-10-25 12:06:08.000;1;ST3;id932;0;2093;1750;2250;-3,04;-5;5
2023-10-25 12:13:47.000;1;ST3;id933;0;2128;1750;2250;-3,03;-5;5
2023-10-25 12:17:04.000;1;ST3;id934;0;2127;1750;2250;-2,99;-5;5
2023-10-25 12:21:04.000;1;ST3;id935;0;2136;1750;2250;-3,06;-5;5
2023-10-25 12:37:14.000;1;ST1;id936;0;2123;1750;2250;-2,48;-5;5
2023-10-25 08:45:50.000;1;ST3;id937;0;2127;1750;2250;-3,77;-5;5
2023-10-25 09:11:05.000;1;ST3;id938;0;2115;1750;2250;-3,94;-5;5
2023-10-25 09:15:01.000;1;ST3;id939;0;2132;1750;2250;-3,94;-5;5
2023-10-25 09:14:00.000;1;ST3;id940;0;2134;1750;2250;-3,84;-5;5
2023-10-25 09:12:02.000;1;ST3;id941;0;2126;1750;2250;-3,81;-5;5
2023-10-25 12:03:50.000;1;ST1;id942;0;2117;1750;2250;-2,47;-5;5
2023-10-25 12:06:25.000;1;ST1;id943;0;2133;1750;2250;-2,44;-5;5
2023-10-25 12:05:32.000;1;ST1;id944;0;2115;1750;2250;-2,43;-5;5
2023-10-25 12:08:31.000;1;ST1;id945;0;2125;1750;2250;-2,5;-5;5
2023-10-25 12:24:46.000;1;ST1;id946;0;2118;1750;2250;-2,46;-5;5
2023-10-25 12:47:39.000;1;ST1;id947;0;2109;1750;2250;-2,57;-5;5
2023-10-25 13:11:39.000;1;ST1;id948;0;2128;1750;2250;-2,69;-5;5
2023-10-25 13:16:18.000;1;ST1;id949;0;2117;1750;2250;-2,75;-5;5
2023-10-25 13:22:42.000;1;ST1;id950;0;2121;1750;2250;-2,75;-5;5
2023-10-25 13:19:01.000;1;ST1;id951;0;2129;1750;2250;-2,78;-5;5
2023-10-25 13:21:49.000;1;ST1;id952;0;2117;1750;2250;-2,78;-5;5
2023-10-25 13:19:59.000;1;ST1;id953;0;2123;1750;2250;-2,8;-5;5
2023-10-25 13:28:14.000;1;ST1;id954;0;2128;1750;2250;-2,81;-5;5
2023-10-25 13:25:30.000;1;ST1;id955;0;2126;1750;2250;-2,84;-5;5
2023-10-25 13:27:21.000;1;ST1;id956;0;2123;1750;2250;-2,83;-5;5
2023-10-25 13:18:08.000;1;ST1;id957;0;2127;1750;2250;-2,81;-5;5
2023-10-25 13:15:20.000;1;ST1;id958;0;2120;1750;2250;-2,69;-5;5
2023-10-25 13:32:24.000;1;ST1;id959;0;2122;1750;2250;-2,85;-5;5
2023-10-25 13:33:21.000;1;ST1;id960;0;2118;1750;2250;-2,87;-5;5
2023-10-25 13:31:31.000;1;ST1;id961;0;2117;1750;2250;-2,93;-5;5
2023-10-25 13:30:33.000;1;ST1;id962;0;2120;1750;2250;-2,8;-5;5
2023-10-25 13:29:40.000;1;ST1;id963;0;2111;1750;2250;-2,89;-5;5
2023-10-25 13:36:05.000;1;ST1;id964;0;2127;1750;2250;-2,82;-5;5
2023-10-25 13:37:02.000;1;ST1;id965;0;2107;1750;2250;-2,87;-5;5
2023-10-25 13:37:56.000;1;ST1;id966;0;2118;1750;2250;-2,89;-5;5
2023-10-25 13:35:12.000;1;ST1;id967;0;2124;1750;2250;-2,94;-5;5
2023-10-25 13:41:45.000;1;ST1;id968;0;2122;1750;2250;-2,88;-5;5
2023-10-25 13:42:42.000;1;ST1;id969;0;2126;1750;2250;-2,92;-5;5
2023-10-25 13:52:56.000;1;ST3;id970;0;2126;1750;2250;-3,21;-5;5
2023-10-25 13:56:56.000;1;ST1;id971;0;2120;1750;2250;-3,03;-5;5
2023-10-25 13:57:53.000;1;ST1;id972;0;2116;1750;2250;-2,99;-5;5
2023-10-25 13:56:03.000;1;ST1;id973;0;2115;1750;2250;-3,05;-5;5
2023-10-25 13:54:12.000;1;ST1;id974;0;2111;1750;2250;-3,02;-5;5
2023-10-25 13:55:05.000;1;ST1;id975;0;2119;1750;2250;-2,94;-5;5
2023-10-25 14:04:27.000;1;ST3;id976;0;2116;1750;2250;-3,2;-5;5
2023-10-25 13:20:52.000;1;ST1;id977;0;2117;1750;2250;-2,77;-5;5
2023-10-25 13:40:51.000;1;ST1;id978;0;2117;1750;2250;-2,97;-5;5
2023-10-25 13:38:53.000;1;ST1;id979;0;2115;1750;2250;-2,9;-5;5
2023-10-25 13:39:46.000;1;ST1;id980;0;2122;1750;2250;-2,83;-5;5
2023-10-25 13:43:36.000;1;ST1;id981;0;2129;1750;2250;-2,89;-5;5
2023-10-25 13:46:23.000;1;ST1;id982;0;2114;1750;2250;-2,99;-5;5
2023-10-25 13:47:55.000;1;ST1;id983;0;2111;1750;2250;-2,97;-5;5
2023-10-25 13:44:33.000;1;ST1;id984;0;2122;1750;2250;-2,94;-5;5
2023-10-25 13:45:26.000;1;ST1;id985;0;2115;1750;2250;-2,95;-5;5
2023-10-25 13:54:58.000;1;ST3;id986;0;2136;1750;2250;-3,27;-5;5
2023-10-25 13:51:15.000;1;ST1;id987;0;2130;1750;2250;-2,99;-5;5
2023-10-25 14:02:19.000;1;ST3;id988;0;2134;1750;2250;-3,23;-5;5
2023-10-25 14:01:21.000;1;ST3;id989;0;2127;1750;2250;-3,23;-5;5
2023-10-25 14:00:23.000;1;ST1;id990;0;2122;1750;2250;-3,02;-5;5
2023-10-25 14:07:30.000;1;ST3;id991;0;2127;1750;2250;-3,27;-5;5
2023-10-25 14:08:33.000;1;ST3;id992;0;2136;1750;2250;-3,21;-5;5
2023-10-25 14:05:28.000;1;ST3;id993;0;2124;1750;2250;-3,23;-5;5
2023-10-25 14:09:34.000;1;ST3;id994;0;2132;1750;2250;-3,3;-5;5
2023-10-25 14:12:36.000;1;ST3;id995;0;2125;1750;2250;-3,32;-5;5
2023-10-25 14:13:46.000;1;ST3;id996;0;2124;1750;2250;-3,33;-5;5
2023-10-25 13:24:33.000;1;ST1;id997;0;2121;1750;2250;-2,77;-5;5
2023-10-25 13:23:40.000;1;ST1;id998;0;2116;1750;2250;-2,81;-5;5
2023-10-25 13:26:24.000;1;ST1;id999;0;2132;1750;2250;-2,79;-5;5
2023-10-25 13:34:15.000;1;ST1;id1000;0;2132;1750;2250;-2,84;-5;5
